metric,model,train_bs,effect,n,mean,std,statistic,p_value,cohens_d
macro_f1,lightgbm,1,test composition (train raw),10,0.011895735135125896,0.00022897401094991787,0.0,0.001953125,51.95233767262687
macro_f1,lightgbm,1,test composition (train matched),10,0.011674385592792635,0.013554179969154088,9.0,0.064453125,0.8613125706874637
macro_f1,lightgbm,1,train composition (test raw),10,-0.003671533560993134,0.010205634303492075,16.0,0.275390625,-0.3597555479463771
macro_f1,lightgbm,1,train composition (test matched),10,-0.0038928831033263945,0.009215758684645832,11.0,0.10546875,-0.42241591132504797
macro_f1,lightgbm,2,test composition (train raw),10,0.0352515541029127,0.002432927683777641,0.0,0.001953125,14.489355494601925
macro_f1,lightgbm,2,test composition (train matched),10,0.03813673346929266,0.02613420528010987,1.0,0.00390625,1.4592650918800898
macro_f1,lightgbm,2,train composition (test raw),10,-0.007367952312775461,0.040652311092643,24.0,0.76953125,-0.1812431351315932
macro_f1,lightgbm,2,train composition (test matched),10,-0.004482772946395497,0.030034746263996853,24.0,0.76953125,-0.14925289885898158
macro_f1,lr,1,test composition (train raw),10,0.005705894479356521,0.0006702867347368392,0.0,0.001953125,8.512617337708031
macro_f1,lr,1,test composition (train matched),10,0.004716667987745138,0.0017315839365678594,0.0,0.001953125,2.7239037554794825
macro_f1,lr,1,train composition (test raw),10,0.0003838840442686342,0.001998435990418608,23.0,0.6953125,0.19209223918561577
macro_f1,lr,1,train composition (test matched),10,-0.0006053424473427494,0.0021174268756860245,21.0,0.556640625,-0.28588588078000315
macro_f1,lr,2,test composition (train raw),10,0.04097256947333396,0.0014701904165449772,0.0,0.001953125,27.868886242383216
macro_f1,lr,2,test composition (train matched),10,0.04034267812938811,0.0009353166008147996,0.0,0.001953125,43.132644170159764
macro_f1,lr,2,train composition (test raw),10,-0.0003034077820183945,0.0016482635876737162,18.0,0.375,-0.18407722180322528
macro_f1,lr,2,train composition (test matched),10,-0.0009332991259642486,0.0008646790739003774,2.0,0.005859375,-1.079358983159314
macro_f1,mlp,1,test composition (train raw),10,0.007775906674373512,0.0008023372040478157,0.0,0.001953125,9.69156937400363
macro_f1,mlp,1,test composition (train matched),10,0.010805185857166022,0.01333357141299937,6.0,0.02734375,0.8103744692612262
macro_f1,mlp,1,train composition (test raw),10,-0.007897810497658664,0.01197041349114434,10.0,0.083984375,-0.6597775844168984
macro_f1,mlp,1,train composition (test matched),10,-0.004868531314866154,0.005959371946391696,7.0,0.037109375,-0.8169537593326377
macro_f1,mlp,2,test composition (train raw),10,0.03928190880827601,0.004150873087246324,0.0,0.001953125,9.463529234119635
macro_f1,mlp,2,test composition (train matched),10,0.03529093314243923,0.010415869766837107,0.0,0.001953125,3.3881887861925244
macro_f1,mlp,2,train composition (test raw),10,-0.003984396177310523,0.008899629142640817,16.0,0.275390625,-0.44770361926881597
macro_f1,mlp,2,train composition (test matched),10,-0.007975371843147306,0.011029371992376531,8.0,0.048828125,-0.7231029879724665
macro_f1,rf,1,test composition (train raw),10,0.012830196742943611,0.0003371395350650328,0.0,0.001953125,38.05604329515588
macro_f1,rf,1,test composition (train matched),10,0.009089121630353903,0.019678225644040107,12.0,0.130859375,0.4618872552214433
macro_f1,rf,1,train composition (test raw),10,0.013906294185995139,0.018439639524956048,8.0,0.048828125,0.7541521713141128
macro_f1,rf,1,train composition (test matched),10,0.010165219073405429,0.018398897760624745,11.0,0.10546875,0.552490654910855
macro_f1,rf,2,test composition (train raw),10,0.03481888251656869,0.002904273081323521,0.0,0.001953125,11.988845932043416
macro_f1,rf,2,test composition (train matched),10,0.03565769075469081,0.00431294479124121,0.0,0.001953125,8.267597310103518
macro_f1,rf,2,train composition (test raw),10,-4.6993801116101966e-05,0.0028332757399152746,25.0,0.845703125,-0.0165863846056534
macro_f1,rf,2,train composition (test matched),10,0.000791814437006011,0.006189420265871841,27.0,1.0,0.1279303073620702
macro_f1,xgboost,1,test composition (train raw),10,0.011957846808624994,0.00017172130378293788,0.0,0.001953125,69.63519694527918
macro_f1,xgboost,1,test composition (train matched),10,0.011913177318947832,0.000870706997831499,0.0,0.001953125,13.682188553230503
macro_f1,xgboost,1,train composition (test raw),10,-0.0015123859136341844,0.0007159488745585293,0.0,0.001953125,-2.112421664978182
macro_f1,xgboost,1,train composition (test matched),10,-0.001557055403311347,0.0004739725196682776,0.0,0.001953125,-3.285117467149982
macro_f1,xgboost,2,test composition (train raw),10,0.03477791009597773,0.0005496353313046572,0.0,0.001953125,63.27451696641511
macro_f1,xgboost,2,test composition (train matched),10,0.034180829382367516,0.0017541299190146776,0.0,0.001953125,19.4859166426894
macro_f1,xgboost,2,train composition (test raw),10,-0.0006217279383086028,0.0028644853916630266,22.0,0.625,-0.21704699214669335
macro_f1,xgboost,2,train composition (test matched),10,-0.0012188086519188124,0.002979524355496881,16.0,0.275390625,-0.40906148314251906
binary_f1,lightgbm,1,test composition (train raw),10,0.02436787442633621,0.0004774845525773817,0.0,0.001953125,51.033848728304406
binary_f1,lightgbm,1,test composition (train matched),10,0.024360508585639706,0.0012583636510601123,0.0,0.001953125,19.35887814712156
binary_f1,lightgbm,1,train composition (test raw),10,0.00015206572311968758,0.0015627538739987812,23.0,0.6953125,0.09730625253903942
binary_f1,lightgbm,1,train composition (test matched),10,0.00014469988242318265,0.0013765967027666714,25.0,0.845703125,0.10511421546511492
binary_f1,lightgbm,2,test composition (train raw),10,0.2312669482102872,0.0008282099941649803,0.0,0.001953125,279.2370894334059
binary_f1,lightgbm,2,test composition (train matched),10,0.23111459752305213,0.0008409115138468162,0.0,0.001953125,274.8381889383345
binary_f1,lightgbm,2,train composition (test raw),10,-0.000549559871243377,0.0015362383369288352,21.0,0.556640625,-0.3577308663849825
binary_f1,lightgbm,2,train composition (test matched),10,-0.000701910558478458,0.0014377893831588717,13.0,0.16015625,-0.4881873288953747
binary_f1,lr,1,test composition (train raw),10,0.004782855926036689,0.0008904593104880182,0.0,0.001953125,5.371223445814087
binary_f1,lr,1,test composition (train matched),10,0.0038141451974409548,0.0027105527479192593,2.0,0.005859375,1.4071466420894638
binary_f1,lr,1,train composition (test raw),10,-4.08982832442395e-05,0.0032633184796248636,24.0,0.76953125,-0.012532728110846533
binary_f1,lr,1,train composition (test matched),10,-0.0010096090118399737,0.003528448705886934,22.0,0.625,-0.28613396310835465
binary_f1,lr,2,test composition (train raw),10,0.23374804711142003,0.0008732996001936886,0.0,0.001953125,267.660774217207
binary_f1,lr,2,test composition (train matched),10,0.23364474783062156,0.0007295571417928183,0.0,0.001953125,320.25558307394743
binary_f1,lr,2,train composition (test raw),10,-0.00011847243690928932,0.0002301149626807135,10.0,0.1640625,-0.5148402152087382
binary_f1,lr,2,train composition (test matched),10,-0.00022177171770775271,0.00046025071771423526,14.0,0.193359375,-0.48184980310111847
binary_f1,mlp,1,test composition (train raw),10,0.008405953898213215,0.0015700436204096895,0.0,0.001953125,5.353962010316473
binary_f1,mlp,1,test composition (train matched),10,0.010417325507027208,0.013034898008000275,6.0,0.02734375,0.7991873431332941
binary_f1,mlp,1,train composition (test raw),10,-0.006191493109754742,0.014858654071092802,17.0,0.322265625,-0.4166927287041537
binary_f1,mlp,1,train composition (test matched),10,-0.004180121500940747,0.00846986635933253,13.0,0.16015625,-0.493528625317078
binary_f1,mlp,2,test composition (train raw),10,0.23236166245275527,0.0008933537813243278,0.0,0.001953125,260.1003849877896
binary_f1,mlp,2,test composition (train matched),10,0.23236314700684804,0.0007788073021663968,0.0,0.001953125,298.35768920050816
binary_f1,mlp,2,train composition (test raw),10,-6.497240250454838e-05,0.0004302012973490796,26.0,0.921875,-0.15102790927156973
binary_f1,mlp,2,train composition (test matched),10,-6.348784841173628e-05,0.00041551710490996186,23.0,0.6953125,-0.1527923824591852
binary_f1,rf,1,test composition (train raw),10,0.04395371566107077,0.008136248519656454,0.0,0.001953125,5.402209083815778
binary_f1,rf,1,test composition (train matched),10,0.02609132789290356,0.05352449146170296,13.0,0.16015625,0.48746521789136543
binary_f1,rf,1,train composition (test raw),10,0.04400486884092034,0.05787734471920778,9.0,0.064453125,0.7603125031808246
binary_f1,rf,1,train composition (test matched),10,0.026142481072753132,0.045889593353781434,10.0,0.083984375,0.5696821253396205
binary_f1,rf,2,test composition (train raw),10,0.23110385161122787,0.0015665513448382335,0.0,0.001953125,147.52395596397915
binary_f1,rf,2,test composition (train matched),10,0.23306261342771628,0.01371490943247141,0.0,0.001953125,16.993376046357067
binary_f1,rf,2,train composition (test raw),10,0.00017653866235155523,0.010799884815231715,14.0,0.640625,0.016346346777937143
binary_f1,rf,2,train composition (test matched),10,0.002135300478839963,0.011646683528573188,26.0,0.921875,0.18333978712492366
binary_f1,xgboost,1,test composition (train raw),10,0.024307212465723815,0.0005604703522484974,0.0,0.001953125,43.369310023640026
binary_f1,xgboost,1,test composition (train matched),10,0.02408016557705093,0.001332748021149273,0.0,0.001953125,18.06805577267772
binary_f1,xgboost,1,train composition (test raw),10,0.00018746406979899266,0.0013623238260970932,23.0,0.6953125,0.13760610084612293
binary_f1,xgboost,1,train composition (test matched),10,-3.958281887389559e-05,0.0015305582056902973,22.0,0.625,-0.025861688060431084
binary_f1,xgboost,2,test composition (train raw),10,0.2311888568112054,0.0008247874614193297,0.0,0.001953125,280.3011292307544
binary_f1,xgboost,2,test composition (train matched),10,0.23094595544743393,0.0007245057229122816,0.0,0.001953125,318.76346610362845
binary_f1,xgboost,2,train composition (test raw),10,4.211253930852532e-06,0.00016494079117639816,27.0,1.0,0.025531913002337606
binary_f1,xgboost,2,train composition (test matched),10,-0.00023869010984065576,0.0003865596996401261,11.0,0.10546875,-0.6174728251881096
binary_recall,lightgbm,1,test composition (train raw),10,0.038462228109327604,0.0007350535177090894,0.0,0.001953125,52.32575204755325
binary_recall,lightgbm,1,test composition (train matched),10,0.03836047170631516,0.002257406650756052,0.0,0.001953125,16.99315969210397
binary_recall,lightgbm,1,train composition (test raw),10,0.0007625777822718339,0.0025770353792237354,18.0,0.375,0.2959128106737675
binary_recall,lightgbm,1,train composition (test matched),10,0.0006608213792593908,0.0021411358298499975,15.0,0.232421875,0.30863122742926885
binary_recall,lightgbm,2,test composition (train raw),10,-0.00026654554837935996,0.0001274891552412847,0.0,0.001953125,-2.090731151797959
binary_recall,lightgbm,2,test composition (train matched),10,-0.0001703683490488772,0.0007599249585247792,23.0,0.6953125,-0.22419101667565763
binary_recall,lightgbm,2,train composition (test raw),10,-0.0009527178831293725,0.0029857221169200736,22.0,0.625,-0.31909127702485257
binary_recall,lightgbm,2,train composition (test matched),10,-0.0008565406837988898,0.002924972923890568,12.0,0.4609375,-0.29283713254329446
binary_recall,lr,1,test composition (train raw),10,0.009900549788357239,0.0016073505154815546,0.0,0.001953125,6.159546217827343
binary_recall,lr,1,test composition (train matched),10,0.008254275440302706,0.005066915924073141,1.0,0.00390625,1.6290531684345264
binary_recall,lr,1,train composition (test raw),10,-6.958525093342383e-05,0.005949220741221454,24.0,0.76953125,-0.011696532026669607
binary_recall,lr,1,train composition (test matched),10,-0.0017158595989879566,0.00633994273385368,21.0,0.556640625,-0.2706427598826253
binary_recall,lr,2,test composition (train raw),10,9.912835915069085e-05,7.163804740779452e-05,0.0,0.001953125,1.383738986999599
binary_recall,lr,2,test composition (train matched),10,-3.333721231512099e-05,0.00018269169196391723,25.0,0.845703125,-0.18247798767830836
binary_recall,lr,2,train composition (test raw),10,9.583303866984582e-05,0.0002435575905667996,13.0,0.30078125,0.3934717799056321
binary_recall,lr,2,train composition (test matched),10,-3.663253279596601e-05,0.00021034185877961712,16.0,0.275390625,-0.1741571221653378
binary_recall,mlp,1,test composition (train raw),10,0.015365966227867988,0.0026417477957606838,0.0,0.001953125,5.816590914744532
binary_recall,mlp,1,test composition (train matched),10,0.018664377927025733,0.022992497895486932,6.0,0.02734375,0.8117594709311362
binary_recall,mlp,1,train composition (test raw),10,-0.010384961429963313,0.026192028306045462,17.0,0.322265625,-0.39649321192762793
binary_recall,mlp,1,train composition (test matched),10,-0.007086549730805569,0.015460044710200798,15.0,0.232421875,-0.45837834648238396
binary_recall,mlp,2,test composition (train raw),10,-7.5858785900329014e-06,1.9083346623094583e-05,15.0,0.232421875,-0.3975130117299501
binary_recall,mlp,2,test composition (train matched),10,-7.392961005933118e-05,0.000375635207380379,19.0,0.431640625,-0.19681224924283502
binary_recall,mlp,2,train composition (test raw),10,0.0001765280111675316,0.00041037763832501445,12.0,0.130859375,0.43015991779679624
binary_recall,mlp,2,train composition (test matched),10,0.0001101842796982333,0.00025447908420230187,15.0,0.42578125,0.43297970850382617
binary_recall,rf,1,test composition (train raw),10,0.059652647297211904,0.008213083898035448,0.0,0.001953125,7.263124063724796
binary_recall,rf,1,test composition (train matched),10,0.03809997995759264,0.07840130594413712,13.0,0.16015625,0.48596103724011724
binary_recall,rf,1,train composition (test raw),10,0.060651281357920785,0.08015657692907151,8.0,0.048828125,0.7566600730915636
binary_recall,rf,1,train composition (test matched),10,0.039098614018301524,0.06816506746699941,10.0,0.083984375,0.5735872562178603
binary_recall,rf,2,test composition (train raw),10,-0.0003642766763901517,0.0006918930404552485,1.0,0.00390625,-0.5264927598497979
binary_recall,rf,2,test composition (train matched),10,0.003685799855482619,0.02866654591094164,11.0,0.10546875,0.12857495517364714
binary_recall,rf,2,train composition (test raw),10,0.0005048607510254932,0.02310851838478694,4.0,0.4375,0.021847387297571567
binary_recall,rf,2,train composition (test matched),10,0.004554937282898264,0.022589581310962,7.0,0.5625,0.20163885377937035
binary_recall,xgboost,1,test composition (train raw),10,0.038404725659751913,0.0008559368855024519,0.0,0.001953125,44.86864196442192
binary_recall,xgboost,1,test composition (train matched),10,0.0382178159043292,0.0021418399570209555,0.0,0.001953125,17.843450804552937
binary_recall,xgboost,1,train composition (test raw),10,0.0005576595049307076,0.002127665610757673,27.0,1.0,0.2620992237272294
binary_recall,xgboost,1,train composition (test matched),10,0.00037074974950799253,0.0025347624680792233,27.0,1.0,0.1462660719404359
binary_recall,xgboost,2,test composition (train raw),10,-0.0002802574427817617,4.169470831576998e-05,0.0,0.001953125,-6.721654955810335
binary_recall,xgboost,2,test composition (train matched),10,-0.00036674025625701436,0.00033413344401056336,4.0,0.013671875,-1.09758619746373
binary_recall,xgboost,2,train composition (test raw),10,2.549714161714789e-06,0.00036413993890906793,27.0,1.0,0.007002017327057049
binary_recall,xgboost,2,train composition (test matched),10,-8.393309931353787e-05,0.0003269510630433996,19.0,0.431640625,-0.2567145631283559
binary_fpr,lightgbm,1,test composition (train raw),10,5.795421616922632e-06,1.832673231045135e-05,0.0,1.0,0.3162277660168379
binary_fpr,lightgbm,1,test composition (train matched),10,-0.0017691078250269,0.00765369500341531,21.0,0.91015625,-0.23114428053867714
binary_fpr,lightgbm,1,train composition (test raw),10,0.004132469960154659,0.007200508804849539,0.0,0.001953125,0.5739136041846713
binary_fpr,lightgbm,1,train composition (test matched),10,0.0023575667135108357,0.0021039466593572014,0.0,0.001953125,1.1205449068899496
binary_fpr,lightgbm,2,test composition (train raw),10,-0.002345432898940003,0.002588228108277554,3.0,0.009765625,-0.9061924995864721
binary_fpr,lightgbm,2,test composition (train matched),10,6.471920722745938e-05,0.0021234624894324325,25.0,0.845703125,0.030478149507956596
binary_fpr,lightgbm,2,train composition (test raw),10,0.0003809916206686692,0.0015069497783726904,17.0,0.5703125,0.25282303772597553
binary_fpr,lightgbm,2,train composition (test matched),10,0.0027911437268361315,0.004031435812363285,10.0,0.083984375,0.6923448261972757
binary_fpr,lr,1,test composition (train raw),10,0.0,0.0,,1.0,0.0
binary_fpr,lr,1,test composition (train matched),10,0.0007793081379911164,0.0025474731544218874,16.0,0.49609375,0.30591417092596185
binary_fpr,lr,1,train composition (test raw),10,0.00012711549019684358,0.002340491216041845,24.0,0.76953125,0.054311457921989874
binary_fpr,lr,1,train composition (test matched),10,0.0009064236281879599,0.0023238699245005327,16.0,0.275390625,0.39004920999731807
binary_fpr,lr,2,test composition (train raw),10,-0.0018539078102466134,0.0026604315751685217,10.0,0.083984375,-0.696844762913769
binary_fpr,lr,2,test composition (train matched),10,-0.0003121191205619267,0.002127979862188327,23.0,0.6953125,-0.14667390707398714
binary_fpr,lr,2,train composition (test raw),10,0.0005337933669501305,0.0006998076852886239,1.0,0.0078125,0.7627715130478688
binary_fpr,lr,2,train composition (test matched),10,0.002075582056634817,0.004296742204879433,13.0,0.16015625,0.48305948033786167
binary_fpr,mlp,1,test composition (train raw),10,0.0,0.0,,1.0,0.0
binary_fpr,mlp,1,test composition (train matched),10,-0.00019091765732419776,0.0019068107307161136,19.0,0.734375,-0.10012407327522095
binary_fpr,mlp,1,train composition (test raw),10,0.0030044587466145434,0.0017164835308320304,0.0,0.001953125,1.7503568736008748
binary_fpr,mlp,1,train composition (test matched),10,0.002813541089290346,0.001737492902951801,1.0,0.00390625,1.6193108383409582
binary_fpr,mlp,2,test composition (train raw),10,-0.0020962029618724733,0.002741482552644845,7.0,0.037109375,-0.7646238564787369
binary_fpr,mlp,2,test composition (train matched),10,-0.0013702104541444716,0.002480406629033416,13.0,0.16015625,-0.5524136398064803
binary_fpr,mlp,2,train composition (test raw),10,0.00047582880822274467,0.0015047560047154404,25.0,0.845703125,0.3162165870956116
binary_fpr,mlp,2,train composition (test matched),10,0.0012018213159507463,0.004232626649109146,19.0,0.431640625,0.2839421984463707
binary_fpr,rf,1,test composition (train raw),10,0.0,0.0,,1.0,0.0
binary_fpr,rf,1,test composition (train matched),10,0.0003396732717405296,0.0004064232536517612,6.0,0.02734375,0.8357623947166529
binary_fpr,rf,1,train composition (test raw),10,0.001299573324374267,0.0005946654267116411,0.0,0.001953125,2.1853857076585057
binary_fpr,rf,1,train composition (test matched),10,0.0016392465961147964,0.0007246778437605833,0.0,0.001953125,2.262034930733118
binary_fpr,rf,2,test composition (train raw),10,-0.002351998553750556,0.0025818173674356545,3.0,0.009765625,-0.9109856426779861
binary_fpr,rf,2,test composition (train matched),10,-0.00036941279354794074,0.0015799937672903667,22.0,0.625,-0.23380648784549993
binary_fpr,rf,2,train composition (test raw),10,1.993480905981837e-06,1.2238139568546321e-05,5.0,0.625,0.16289084585253083
binary_fpr,rf,2,train composition (test matched),10,0.0019845792411085973,0.003638522548396778,14.0,0.193359375,0.545435465827483
binary_fpr,xgboost,1,test composition (train raw),10,0.0,0.0,,1.0,0.0
binary_fpr,xgboost,1,test composition (train matched),10,0.0003006254645409244,0.0007083284863442504,15.0,0.232421875,0.42441532472099286
binary_fpr,xgboost,1,train composition (test raw),10,0.002090319011714898,0.0008117362922978247,0.0,0.001953125,2.5751208016062974
binary_fpr,xgboost,1,train composition (test matched),10,0.0023909444762558224,0.0008866560089321388,0.0,0.001953125,2.696586333560636
binary_fpr,xgboost,2,test composition (train raw),10,-0.002341277862019564,0.0025733871371101803,3.0,0.009765625,-0.9098039810087546
binary_fpr,xgboost,2,test composition (train matched),10,-0.0003289576330405164,0.001597997003669974,23.0,0.6953125,-0.20585622644161997
binary_fpr,xgboost,2,train composition (test raw),10,-9.96104230218675e-06,2.4841402594987958e-05,3.0,0.3125,-0.40098550249318476
binary_fpr,xgboost,2,train composition (test matched),10,0.002002359186676861,0.0036283284061788585,10.0,0.1640625,0.5518682331144407
