model,train_bs,protocol,train_balance,test_balance,macro_f1_mean,binary_f1_mean,binary_recall_mean,binary_fpr_mean,macro_f1_std,binary_f1_std,binary_recall_std,binary_fpr_std,n_seeds
ftt,1,cross_station,matched,matched,0.9462969139163253,0.907705374862753,0.8330488652015997,0.009965025864937046,0.005775452738227482,0.011358035030151509,0.019232162112408066,0.005044271145789387,5
ftt,2,cross_station,matched,matched,0.8690732591726226,0.9257669208231585,0.9976932049671152,0.6929524806570428,0.032669562320617525,0.0022608379166216765,0.0038054617320374844,0.0012110920296085931,5
lightgbm,1,cross_station,matched,matched,0.9296982363987405,0.8863632327880702,0.7964019298092604,0.0026557600632071245,0.008726440296404722,0.001088684239561862,0.0017356625125533487,0.002029842967762388,10
lightgbm,1,cross_station_matched_raw,matched,raw,0.9180238508059478,0.8620027242024305,0.7580414581029453,0.004424867888234025,0.010253129009102635,0.0008725518055601302,0.001431627393040941,0.007293850689405875,10
lightgbm,1,cross_station_raw_matched,raw,matched,0.933591119502067,0.8862185329056469,0.7957411084300011,0.0002981933496962894,0.0018535969920776612,0.0013862578350174255,0.0022534110593544583,0.0002661993187074828,10
lightgbm,1,cross_station_raw_raw,raw,raw,0.921695384366941,0.8618506584793106,0.7572788803206735,0.0002923979280793668,0.0017410362035645743,0.001470391719821749,0.0022915371243741383,0.00026703260923563406,10
lightgbm,1,prior_control,same-station,other priors,0.9981571392116126,0.9996077133306314,0.9992520556435178,0.00021428263489665437,0.0016362445283567982,0.00011955578535590134,0.0002789513792243246,0.0004574374768560002,10
lightgbm,2,cross_station,matched,matched,0.7886629601553354,0.9221325540753064,0.9906240438075373,0.6924199194459468,0.015085355139117332,0.0008679744375270155,0.0006790411463559156,0.0024141506928948677,10
lightgbm,2,cross_station_matched_raw,matched,raw,0.7505262266860427,0.6910179565522542,0.9907944121565864,0.6923552002387194,0.025344043498376576,0.0008603731744854301,0.0007904476219147235,0.0020778129571182454,10
lightgbm,2,cross_station_raw_matched,raw,matched,0.7931457331017309,0.9228344646337847,0.9914805844913364,0.6896287757191107,0.027885500815702246,0.0012509240351873993,0.002860560365449752,0.0025366035550942953,10
lightgbm,2,cross_station_raw_raw,raw,raw,0.7578941789988182,0.6915675164234976,0.9917471300397157,0.6919742086180507,0.029240139334540956,0.0015181035912773448,0.0027840918487991207,0.0012434975880005225,10
lightgbm,2,prior_control,same-station,other priors,0.9947981899219649,0.9998537119423485,0.9999511697532386,0.00019211454317275827,0.0062867048262490646,0.00024367647931559244,0.00010294599461100063,0.00031490270606609653,10
lr,1,cross_station,matched,matched,0.9730432728250602,0.9695803270883049,0.9446711330952529,0.017202286665432324,0.0022685025192944424,0.0037733463338938725,0.0070147482082056675,0.002313927022600742,10
lr,1,cross_station_matched_raw,matched,raw,0.968326604837315,0.9657661818908639,0.9364168576549501,0.01642297852744121,0.002025123354186311,0.0034798206425307255,0.006660117615631316,0.0027536582813481197,10
lr,1,cross_station_raw_matched,raw,matched,0.973648615272403,0.9705899361001448,0.9463869926942408,0.016295863037244365,0.0021879066970211932,0.003930375278441638,0.007186026943254728,0.002996950680037371,10
lr,1,cross_station_raw_raw,raw,raw,0.9679427207930464,0.9658070801741081,0.9364864429058836,0.016295863037244365,0.0027640333600258454,0.0046820103668337035,0.008606608940392309,0.002996950680037371,10
lr,1,prior_control,same-station,other priors,0.9932675761113039,0.9982976404270539,0.9971806290714879,0.003431020773363133,0.0006435476233009603,0.0001678756632581042,0.00032154143112741074,0.0009469972342670953,10
lr,2,cross_station,matched,matched,0.8832768937873645,0.9254696410608714,0.999169850412574,0.7019557305877661,0.0016270872679231278,0.0006159771349921248,0.000334781988326147,0.0026569462529843282,10
lr,2,cross_station_matched_raw,matched,raw,0.8429342156579764,0.6918248932302499,0.9992031876248891,0.702267849708328,0.0014298999012489681,0.0006669803042559668,0.0003239628332250965,0.0013438204963984828,10
lr,2,cross_station_raw_matched,raw,matched,0.8842101929133289,0.9256914127785791,0.99920648294537,0.6998801485311313,0.0018059916793529915,0.0005617616868356097,0.00033402152160419435,0.002718744230061473,10
lr,2,cross_station_raw_raw,raw,raw,0.8432376234399948,0.6919433656671592,0.9991073545862191,0.7017340563413779,0.002593737087882696,0.0007418793425534458,0.0003877626607189622,0.0013174266258897665,10
lr,2,prior_control,same-station,other priors,0.9862164644469976,0.9919357420236381,0.9998790030949716,0.012743079876237604,0.00379630319858408,0.0014409981930641074,0.0001711599474520783,0.002272157034373679,10
mlp,1,cross_station,matched,matched,0.9656517780971621,0.9527571346831291,0.910684350532003,0.004076966200250491,0.003908777242287529,0.0063529226534209315,0.011565075497586001,0.0017078684428136657,10
mlp,1,cross_station_matched_raw,matched,raw,0.9548465922399961,0.9423398091761019,0.8920199726049773,0.004267883857574689,0.012506022442978547,0.01643044977707303,0.029141281402350415,0.0018421884455611802,10
mlp,1,cross_station_raw_matched,raw,matched,0.9705203094120283,0.9569372561840698,0.9177709002628086,0.0012634251109601455,0.004122625662412142,0.006981120563136508,0.012722570289919306,0.0004738693649027142,10
mlp,1,cross_station_raw_raw,raw,raw,0.9627444027376548,0.9485313022858566,0.9024049340349405,0.0012634251109601455,0.004838131652778917,0.008493747503133161,0.015248346693973501,0.0004738693649027142,10
mlp,1,prior_control,same-station,other priors,0.9959210145557635,0.9994516513321692,0.9990127071120343,0.0006402504490053222,0.0004523070963181641,0.00018659151829172562,0.0004734523856936723,0.0007099618310033778,10
mlp,2,cross_station,matched,matched,0.8778661919894086,0.9264435472620599,0.9995996396782459,0.6941861904825959,0.010319113145031287,0.0006233605770918102,0.00024670994649614254,0.0032248658037819147,10
mlp,2,cross_station_matched_raw,matched,raw,0.8425752588469694,0.6940804002552119,0.9996735692883052,0.6955564009367403,0.010685239529816372,0.0007294868651699824,0.00027666941808605965,0.002196724285040289,10
mlp,2,cross_station_raw_matched,raw,matched,0.8858415638325559,0.9265070351104716,0.9994894553985476,0.6929843691666452,0.00859814211698439,0.0005139695123445232,0.00023178712916853482,0.0022588360204503955,10
mlp,2,cross_station_raw_raw,raw,raw,0.8465596550242799,0.6941453726577164,0.9994970412771377,0.6950805721285176,0.011562061828752052,0.0007251811482128867,0.00022196224833703442,0.001993126863778198,10
mlp,2,prior_control,same-station,other priors,0.9966623631683438,0.9991421872738379,0.9999034904638888,0.0012803926136533469,0.0030914056109682814,0.0005859902441293383,0.0001683643463463744,0.000908108264906127,10
rf,1,cross_station,matched,matched,0.9190251685207098,0.8379222388766447,0.7231430605160003,0.0020293355824224897,0.015862478513209745,0.0387893813902061,0.05847055898916499,0.0007033573123155086,10
rf,1,cross_station_matched_raw,matched,raw,0.9099360468903559,0.8118309109837412,0.6850430805584076,0.0016896623106819602,0.012733674831627816,0.038465089868179064,0.05450352507798835,0.0006210847888623678,10
rf,1,cross_station_raw_matched,raw,matched,0.9088599494473044,0.8117797578038916,0.6840444464976987,0.00039008898630769293,0.01044158034201472,0.027075622333316153,0.03871852257206316,0.00014422580993365736,10
rf,1,cross_station_raw_raw,raw,raw,0.8960297527043608,0.7678260421428209,0.6243917992004868,0.00039008898630769293,0.010716298366241663,0.035163891941864915,0.04685043027796849,0.00014422580993365736,10
rf,1,prior_control,same-station,other priors,0.9973930618177731,0.9997038941333749,0.9994702955600425,0.00036865599831966127,0.0015438199561577958,9.054283392933229e-05,0.00019290954597520055,0.00028185158486478226,10
rf,2,cross_station,matched,matched,0.8910037219601842,0.9241339428139792,0.9944949983774022,0.6914974752211702,0.003209928741554255,0.006056997761297298,0.011461314269909824,0.0019106308791428349,10
rf,2,cross_station_matched_raw,matched,raw,0.8553460312054935,0.6910713293862629,0.9908091985219196,0.6918668880147181,0.002932703820135682,0.012148931487370973,0.026237268967906267,0.0012535332796523686,10
rf,2,cross_station_raw_matched,raw,matched,0.890211907523178,0.9219986423351392,0.9899400610945038,0.6895128959800616,0.004876174027875728,0.009581401516931218,0.018875182719309484,0.0026246290289842853,10
rf,2,cross_station_raw_raw,raw,raw,0.8553930250066095,0.6908947907239114,0.990304337770894,0.6918648945338122,0.002233990230722271,0.008260454578086307,0.018184300055950862,0.0012552244691229307,10
rf,2,prior_control,same-station,other priors,0.9973228572420888,0.9998059797927672,0.9999757458161532,0.00028699521003387686,0.00318444991388757,0.00022323034458368612,7.669846374409093e-05,0.00030286785351903525,10
stability_lgbm,1,cross_station,matched,matched,0.9310464723128883,0.8864755708014638,0.7966389513352841,0.002978403842100193,0.0025737201349352737,0.0008475902617860124,0.001386928746632953,0.0007929810110774175,3
stability_lgbm,2,cross_station,matched,matched,0.7965591814870764,0.9221016936250601,0.990550250548184,0.6933629174154744,0.0025900212161847945,0.000963295780707206,0.0006017433067561977,0.0011646460122637643,2
tabnet,1,cross_station,matched,matched,0.960887707349551,0.9474589636821266,0.902162299277552,0.008342526557157583,0.007438488534301495,0.014599793528989772,0.026119238425344967,0.0033529384664921953,5
tabnet,2,cross_station,matched,matched,0.865739114702123,0.925342113730481,0.9960517498893587,0.6889696925557324,0.017895788746177622,0.0010452767193791614,0.0011926670384199054,0.0072001885894627535,5
xgboost,1,cross_station,matched,matched,0.934310443240061,0.8865650882319146,0.7967711148233774,0.002895798418565039,0.0005185841620716664,0.0012878570241420125,0.0021210151186859916,0.0009160872065423531,10
xgboost,1,cross_station_matched_raw,matched,raw,0.9223972659211132,0.8624849226548637,0.7585532989190481,0.002595172954024115,0.0007889413987854664,0.0011447601010604542,0.0017865153916158877,0.0009011494003825474,10
xgboost,1,cross_station_raw_matched,raw,matched,0.9358674986433725,0.8866046710507887,0.7964003650738694,0.000504853942309217,0.0004614751439408268,0.0010393176495527433,0.001697939371673482,0.00025386375597872206,10
xgboost,1,cross_station_raw_raw,raw,raw,0.9239096518347474,0.8622974585850647,0.7579956394141174,0.000504853942309217,0.0005104261650718127,0.0012833187636813307,0.0019938361763619226,0.00025386375597872206,10
xgboost,1,prior_control,same-station,other priors,0.9984100209648256,0.9995376825468819,0.9990965392817465,0.00012273773520217403,0.0005799264168194714,0.00011021303759874107,0.0002140720886300299,0.0001584544872972683,10
xgboost,2,cross_station,matched,matched,0.7980241376083981,0.9219073623567606,0.9900129339554835,0.6915896836777089,0.0023117112273336655,0.0005306205420915112,0.0004542280611556501,0.0019456467658969254,10
xgboost,2,cross_station_matched_raw,matched,raw,0.7638433082260306,0.6909614069093266,0.9903796742117406,0.6919186413107494,0.002545429241358543,0.0005391251473403436,0.00034708961621322706,0.0012642265036202467,10
xgboost,2,cross_station_raw_matched,raw,matched,0.799242946260317,0.9221460524666012,0.9900968670547972,0.689587324491032,0.0032812120386587203,0.000524096350172754,0.00048728581323374625,0.0026193373832798924,10
xgboost,2,cross_station_raw_raw,raw,raw,0.7644650361643393,0.6909571956553957,0.9903771244975788,0.6919286023530515,0.0029601877706580634,0.0006017900973697102,0.0005104426649057284,0.0012700898817250856,10
xgboost,2,prior_control,same-station,other priors,0.9974782483083388,0.9998183754192425,0.9999757458161532,0.0002675812732062651,0.003354510081900822,0.0001736289919614869,7.669846374409093e-05,0.00022405980021983484,10
