model,protocol,train_bs,seed,n_train,n_test,train_balance,test_balance,macro_f1,binary_f1,binary_recall,binary_fpr
lightgbm,cross_station_matched_raw,1,1011,93736,119965,matched,raw,0.9224881135318861,0.8623154304822752,0.758222178950443,0.0020863517820921473
lightgbm,cross_station_matched_raw,1,123,93592,120438,matched,raw,0.8890610319076205,0.8613215024880003,0.7596314419977475,0.02505446623093682
lightgbm,cross_station_matched_raw,1,2026,93783,120494,matched,raw,0.9186534235238033,0.8606114908962191,0.7556356290245821,0.0023954828038555867
lightgbm,cross_station_matched_raw,1,3141,93713,120247,matched,raw,0.921460461405245,0.8618897663941911,0.7575421494517895,0.001890250887845114
lightgbm,cross_station_matched_raw,1,42,93503,120326,matched,raw,0.9219157259619006,0.8629288813660247,0.7593099299450816,0.003185820203892493
lightgbm,cross_station_matched_raw,1,4242,93991,119937,matched,raw,0.9215415184060741,0.8608493316525149,0.7558119124702578,0.0009201219161538904
lightgbm,cross_station_matched_raw,1,456,93710,120063,matched,raw,0.9195379914433224,0.8619066604647042,0.7577896786757546,0.003628405229511029
lightgbm,cross_station_matched_raw,1,5555,93846,120274,matched,raw,0.9223916236873068,0.8628436102872825,0.7589355240616726,0.0012544189759379632
lightgbm,cross_station_matched_raw,1,6789,93910,120169,matched,raw,0.922215449846017,0.8621706721856687,0.7579466622559083,0.001667625071880391
lightgbm,cross_station_matched_raw,1,789,94076,120341,matched,raw,0.9209731683463028,0.8631898958074233,0.7595894741962158,0.0021657357802348115
lightgbm,cross_station_matched_raw,2,1011,93736,180035,matched,raw,0.7585781331193188,0.6912988307405895,0.99124872508405,0.6918444015981235
lightgbm,cross_station_matched_raw,2,123,93592,179562,matched,raw,0.7635963713417251,0.6902113924106299,0.9917225865969089,0.6949049596240204
lightgbm,cross_station_matched_raw,2,2026,93783,179506,matched,raw,0.758777575460072,0.6910654722825632,0.9905641310663669,0.6913095475383696
lightgbm,cross_station_matched_raw,2,3141,93713,179753,matched,raw,0.763090964460894,0.6920210636528809,0.9913534497970707,0.690345067967933
lightgbm,cross_station_matched_raw,2,42,93503,179674,matched,raw,0.754113700436368,0.6903167245360171,0.9907417947258584,0.6912900436342673
lightgbm,cross_station_matched_raw,2,4242,93991,180063,matched,raw,0.7531317030000911,0.6920053689391081,0.9912288417798666,0.6918315353688149
lightgbm,cross_station_matched_raw,2,456,93710,179937,matched,raw,0.7490458233595964,0.6909901238149238,0.9896634645649465,0.6913142970848671
lightgbm,cross_station_matched_raw,2,5555,93846,179726,matched,raw,0.6811615509290565,0.6892844291143351,0.9892179214268619,0.6971445657048886
lightgbm,cross_station_matched_raw,2,6789,93910,179831,matched,raw,0.7725601737980584,0.6914837484170536,0.9909512527095831,0.6911218813132569
lightgbm,cross_station_matched_raw,2,789,94076,179659,matched,raw,0.7512062709552472,0.6915024116144407,0.9912519538143498,0.6924457025526528
lightgbm,cross_station_raw_matched,1,1011,180035,93736,raw,matched,0.9295737077651233,0.8836930980632544,0.7916737490357082,0.0002897710808461316
lightgbm,cross_station_raw_matched,1,123,179562,93592,raw,matched,0.933019970381593,0.8859470766350219,0.7953512803676953,0.0005733287467033597
lightgbm,cross_station_raw_matched,1,2026,179506,93783,raw,matched,0.9345070939160505,0.8864436234063993,0.7960786885245902,0.00017110591456111332
lightgbm,cross_station_raw_matched,1,3141,179753,93713,raw,matched,0.9343550583226722,0.8854866997953814,0.7945052783424038,0.0
lightgbm,cross_station_raw_matched,1,42,179674,93503,raw,matched,0.9322422459358193,0.8864042999130962,0.7960361494773016,0.00028962001853568116
lightgbm,cross_station_raw_matched,1,4242,180063,93991,raw,matched,0.9355407825213339,0.8877321368936127,0.7981384298060102,5.750761975961815e-05
lightgbm,cross_station_raw_matched,1,456,179937,93710,raw,matched,0.9327806667775871,0.8863410934126845,0.7958924384717146,5.759373380176237e-05
lightgbm,cross_station_raw_matched,1,5555,179726,93846,raw,matched,0.9347352873639614,0.8857366050243478,0.7949494155265503,0.00022807617744326604
lightgbm,cross_station_raw_matched,1,6789,179831,93910,raw,matched,0.9332555504031878,0.885503742754784,0.7946157867224255,0.00046003450258769407
lightgbm,cross_station_raw_matched,1,789,179659,94076,raw,matched,0.9359008316333406,0.8888969531578871,0.8001698680256109,0.0008548957027242676
lightgbm,cross_station_raw_matched,2,1011,119965,93736,raw,matched,0.7937875068238336,0.9233861144945189,0.9912265791503773,0.6901767603593162
lightgbm,cross_station_raw_matched,2,123,120438,93592,raw,matched,0.7980345405481464,0.9223971987460355,0.9910833880499015,0.6891411535374383
lightgbm,cross_station_raw_matched,2,2026,120494,93783,raw,matched,0.8547755644939071,0.9261888553923953,0.9992393442622951,0.689328694461872
lightgbm,cross_station_raw_matched,2,3141,120247,93713,raw,matched,0.7896748599692134,0.9228861949983206,0.9908727296570716,0.6834116164509108
lightgbm,cross_station_raw_matched,2,42,120326,93503,raw,matched,0.7431673704087296,0.921898703205285,0.9884180012854313,0.6884267840593142
lightgbm,cross_station_raw_matched,2,4242,119937,93991,raw,matched,0.7860723810360453,0.9221790592912769,0.9901308059841779,0.6926792800046007
lightgbm,cross_station_raw_matched,2,456,120063,93710,raw,matched,0.7977055946347443,0.9225927642653265,0.9906872568666745,0.6900305246789149
lightgbm,cross_station_raw_matched,2,5555,120274,93846,raw,matched,0.7995370415709981,0.9221580243301885,0.9914032604707239,0.6908427414756528
lightgbm,cross_station_raw_matched,2,6789,120169,93910,raw,matched,0.7702158468899696,0.9223477012193638,0.9904992158912702,0.6920644048303622
lightgbm,cross_station_raw_matched,2,789,120341,94076,raw,matched,0.7984866246417216,0.9223100303951368,0.9912452632954397,0.6901857973327254
lightgbm,cross_station_raw_raw,1,1011,180035,119965,raw,raw,0.9182067070370797,0.8596899267836426,0.7539382728069322,0.00023181686467690525
lightgbm,cross_station_raw_raw,1,123,179562,120438,raw,raw,0.9210132205074562,0.8613906805281513,0.7566021981436172,0.0005733287467033597
lightgbm,cross_station_raw_raw,1,2026,179506,120494,raw,raw,0.9224342423709613,0.8615214506855374,0.756752556793349,0.00017110591456111332
lightgbm,cross_station_raw_raw,1,3141,179753,120247,raw,raw,0.9224526746346567,0.8612466695101618,0.7563066086838086,0.0
lightgbm,cross_station_raw_raw,1,42,179674,120326,raw,raw,0.9203049913419521,0.862131399110169,0.7577089518930352,0.00028962001853568116
lightgbm,cross_station_raw_raw,1,4242,180063,119937,raw,raw,0.9235968739114122,0.8634396386910864,0.7597027733354137,5.750761975961815e-05
lightgbm,cross_station_raw_raw,1,456,179937,120063,raw,raw,0.9205506676144193,0.8609533738520917,0.7558617332035054,5.759373380176237e-05
lightgbm,cross_station_raw_raw,1,5555,179726,120274,raw,raw,0.922862073682558,0.8614868047052044,0.7567065098894253,0.00022807617744326604
lightgbm,cross_station_raw_raw,1,6789,179831,120169,raw,raw,0.9215390909840436,0.8615589090405649,0.7568472158709464,0.00046003450258769407
lightgbm,cross_station_raw_raw,1,789,179659,120341,raw,raw,0.9239933015848708,0.8650877318864977,0.7623619825867017,0.0008548957027242676
lightgbm,cross_station_raw_raw,2,1011,119965,180035,raw,raw,0.7595938994952479,0.6914282703756388,0.9915257438583679,0.6918344630185453
lightgbm,cross_station_raw_raw,2,123,120438,179562,raw,raw,0.761942386018235,0.6900440249636057,0.9913687429705172,0.6949248737939481
lightgbm,cross_station_raw_raw,2,2026,120494,179506,raw,raw,0.8200498757220657,0.6950150234576795,0.9992673622514716,0.6913494119992027
lightgbm,cross_station_raw_raw,2,3141,120247,179753,raw,raw,0.7548704203533778,0.6919489661240651,0.9912021981900224,0.6903550266394463
lightgbm,cross_station_raw_raw,2,42,120326,179674,raw,raw,0.7020698863806761,0.6890634089586969,0.9887687345854677,0.6924430219960441
lightgbm,cross_station_raw_raw,2,4242,119937,180063,raw,raw,0.7486118753671763,0.6915690989836578,0.9901607207931741,0.6916623542056447
lightgbm,cross_station_raw_raw,2,456,120063,179937,raw,raw,0.7640799828992147,0.691665238804462,0.9910483840507636,0.691175007461944
lightgbm,cross_station_raw_raw,2,5555,120274,179726,raw,raw,0.7657639297758907,0.6918051656496162,0.9917245027773929,0.6926197239248517
lightgbm,cross_station_raw_raw,2,6789,120169,179831,raw,raw,0.7367531579003482,0.6914377176627854,0.9908504310127539,0.6911218813132569
lightgbm,cross_station_raw_raw,2,789,120341,179659,raw,raw,0.7652063760759494,0.6916982492547682,0.9915544799072253,0.6922563218276236
lightgbm,prior_control,1,1011,126024,22625,same-station,other priors,0.9987420721380249,0.9995610071013558,0.999122399463115,0.0
lightgbm,prior_control,1,123,125693,22391,same-station,other priors,0.9975282152597935,0.9996604236867539,0.999321077919365,0.0
lightgbm,prior_control,1,2026,125654,22392,same-station,other priors,0.9987426357943663,0.9995294117647059,0.9990592662276576,0.0
lightgbm,prior_control,1,3141,125827,22487,same-station,other priors,0.9987643186929672,0.9995056074523171,0.9991676204349184,0.0009188361408882082
lightgbm,prior_control,1,42,125771,22381,same-station,other priors,0.9937263170812797,0.9994258572994416,0.9988523735002608,0.0
lightgbm,prior_control,1,4242,126044,22662,same-station,other priors,0.9986056221225389,0.9995869475423379,0.9991742361684558,0.0
lightgbm,prior_control,1,456,125955,22467,same-station,other priors,0.9994411889325896,0.9997397595378129,0.9994796544905817,0.0
lightgbm,prior_control,1,5555,125808,22577,same-station,other priors,0.9982869843886102,0.9996109454026715,0.9992221934145709,0.0
lightgbm,prior_control,1,6789,125881,22582,same-station,other priors,0.9991312886338927,0.9998446803002847,0.9998964481723103,0.0012239902080783353
lightgbm,prior_control,1,789,125761,22667,same-station,other priors,0.998602749072063,0.9996124932186313,0.9992252866439417,0.0
lightgbm,prior_control,2,1011,83975,9261,same-station,other priors,0.999003645253818,1.0,1.0,0.0
lightgbm,prior_control,2,123,84306,9356,same-station,other priors,0.9990887374496302,0.9996362313568571,0.9997574581615328,0.00038218994840435696
lightgbm,prior_control,2,2026,84345,9411,same-station,other priors,0.9990355188722988,1.0,1.0,0.0
lightgbm,prior_control,2,3141,84172,9376,same-station,other priors,0.9957510238756387,1.0,1.0,0.0
lightgbm,prior_control,2,42,84228,9247,same-station,other priors,0.9801245889110584,0.9992630803242447,0.9997542393708528,0.0009656237929702588
lightgbm,prior_control,2,4242,83955,9347,same-station,other priors,0.9915934287964833,0.9997579278625031,1.0,0.00038336208548974505
lightgbm,prior_control,2,456,84044,9325,same-station,other priors,1.0,1.0,1.0,0.0
lightgbm,prior_control,2,5555,84191,9424,same-station,other priors,0.9929220468675276,1.0,1.0,0.0
lightgbm,prior_control,2,6789,84118,9335,same-station,other priors,0.9905300091573961,1.0,1.0,0.0
lightgbm,prior_control,2,789,84238,9426,same-station,other priors,0.9999329000357979,0.9998798798798799,1.0,0.00018996960486322188
lr,cross_station_matched_raw,1,1011,93736,119965,matched,raw,0.9666205559002654,0.9624748749414378,0.9300847045078376,0.015531729933352651
lr,cross_station_matched_raw,1,123,93592,120438,matched,raw,0.9671018400662685,0.9626180429977899,0.930317682240087,0.015193211787639032
lr,cross_station_matched_raw,1,2026,93783,120494,matched,raw,0.9647318444662343,0.9603760575359978,0.9266615514612329,0.01836536816289283
lr,cross_station_matched_raw,1,3141,93713,120247,matched,raw,0.9672329365646141,0.9634026115123836,0.9316950257323254,0.014606484133348608
lr,cross_station_matched_raw,1,42,93503,120326,matched,raw,0.9677687153477633,0.9660983049152457,0.9373483922299198,0.018709453197405003
lr,cross_station_matched_raw,1,4242,93991,119937,matched,raw,0.9686703064451494,0.9661375714580202,0.9369173460233257,0.015297026856058427
lr,cross_station_matched_raw,1,456,93710,120063,matched,raw,0.9713843587633144,0.9707550938873352,0.9463680623174294,0.020042619363013305
lr,cross_station_matched_raw,1,5555,93846,120274,matched,raw,0.9706994123456327,0.9702197802197802,0.9453258838187198,0.019671570304481696
lr,cross_station_matched_raw,1,6789,93910,120169,matched,raw,0.9693222213486593,0.9682573850012265,0.9409607020889481,0.01569867740080506
lr,cross_station_matched_raw,1,789,94076,120341,matched,raw,0.969733857125249,0.967322096439422,0.9384892261296756,0.01111364413541548
lr,cross_station_matched_raw,2,1011,93736,180035,matched,raw,0.8422480336661505,0.6921383387319676,0.9995466965511163,0.7014748852094058
lr,cross_station_matched_raw,2,123,93592,179562,matched,raw,0.8410431793753659,0.6907044074043345,0.999431322743299,0.7048023020780436
lr,cross_station_matched_raw,2,2026,93783,179506,matched,raw,0.8453544328947618,0.6918307198516743,0.9992420988808327,0.7017540362766593
lr,cross_station_matched_raw,2,3141,93713,179753,matched,raw,0.8439320655601659,0.6925948728696997,0.9996218709823792,0.7008016730568142
lr,cross_station_matched_raw,2,42,93503,179674,matched,raw,0.843453372488994,0.6907910849865295,0.9988490482514387,0.7018159409197984
lr,cross_station_matched_raw,2,4242,93991,180063,matched,raw,0.8415824023583844,0.6926021574681758,0.9992334661154325,0.701843079495243
lr,cross_station_matched_raw,2,456,93710,179937,matched,raw,0.8445989048526965,0.6918336640572189,0.9986150805141828,0.7019301562033629
lr,cross_station_matched_raw,2,5555,93846,179726,matched,raw,0.8416236437931282,0.6918430979220722,0.9991686715118843,0.7036328300194349
lr,cross_station_matched_raw,2,6789,93910,179831,matched,raw,0.8421010800472888,0.6923735102807003,0.9994076725311287,0.7008250151766966
lr,cross_station_matched_raw,2,789,94076,179659,matched,raw,0.8434050415428289,0.6915370787301255,0.9989159481671961,0.7037985786478216
lr,cross_station_raw_matched,1,1011,180035,93736,raw,matched,0.9716429329724546,0.9675464294353213,0.9413972097645167,0.020168067226890758
lr,cross_station_raw_matched,1,123,179562,93592,raw,matched,0.9699761219745479,0.9626725453620485,0.9318581746552856,0.018002522646485494
lr,cross_station_raw_matched,1,2026,179506,93783,raw,matched,0.9714147169048021,0.966950513488347,0.9396983606557378,0.017110591456111334
lr,cross_station_raw_matched,1,3141,179753,93713,raw,matched,0.9756865108906414,0.9732781888251802,0.9505081633991214,0.011799747966548287
lr,cross_station_raw_matched,1,42,179674,93503,raw,matched,0.9721602413945178,0.9693742932529212,0.9445165859992917,0.018535681186283594
lr,cross_station_raw_matched,1,4242,180063,93991,raw,matched,0.9747682791045467,0.9727476198429932,0.9503407221743557,0.01581459543389499
lr,cross_station_raw_matched,1,456,179937,93710,raw,matched,0.9747084275354074,0.972089062908557,0.949546151125781,0.017911651212348098
lr,cross_station_raw_matched,1,5555,179726,93846,raw,matched,0.9767028562522868,0.9760963095588039,0.9573439220003145,0.018417151328543734
lr,cross_station_raw_matched,1,6789,179831,93910,raw,matched,0.9743647018168288,0.9727317135190476,0.9498562467328803,0.013686026451983899
lr,cross_station_raw_matched,1,789,179659,94076,raw,matched,0.9750613638779958,0.972412684808228,0.9488043904351234,0.01151259546335347
lr,cross_station_raw_matched,2,1011,119965,93736,raw,matched,0.8838971933524411,0.9265001818402231,0.9992939422863195,0.6996232975949
lr,cross_station_raw_matched,2,123,120438,93592,raw,matched,0.881245360389835,0.9253745864954271,0.9991858174655286,0.7000343997248022
lr,cross_station_raw_matched,2,2026,120494,93783,raw,matched,0.8869457810456332,0.9253117070742634,0.999567213114754,0.6998802258598072
lr,cross_station_raw_matched,2,3141,120247,93713,raw,matched,0.8851707474180617,0.9262866273382868,0.9996983804340699,0.6936647955092221
lr,cross_station_raw_matched,2,42,120326,93503,raw,matched,0.8847902944557654,0.9262597146714343,0.998937551646795,0.697694624652456
lr,cross_station_raw_matched,2,4242,119937,93991,raw,matched,0.8818919424484456,0.9256545135739767,0.9992820030808595,0.7039507734774858
lr,cross_station_raw_matched,2,456,120063,93710,raw,matched,0.8858751483505316,0.9256512344929718,0.9988211717552753,0.7003398030294304
lr,cross_station_raw_matched,2,5555,120274,93846,raw,matched,0.883131292949791,0.9247932831429455,0.9988598836295015,0.7019044360816513
lr,cross_station_raw_matched,2,6789,120169,93910,raw,matched,0.8835417047007371,0.925993632038353,0.9995818086774699,0.7012075905692927
lr,cross_station_raw_matched,2,789,120341,94076,raw,matched,0.8856124640220467,0.9250886471179097,0.9988370573631256,0.700501538812265
lr,cross_station_raw_raw,1,1011,180035,119965,raw,raw,0.9658871726112497,0.9629748889347294,0.931739850063285,0.020168067226890758
lr,cross_station_raw_raw,1,123,179562,120438,raw,raw,0.9628260454819002,0.9559637199666506,0.918433725581576,0.018002522646485494
lr,cross_station_raw_raw,1,2026,179506,120494,raw,raw,0.9652795239754243,0.9616896763230134,0.9289051194141471,0.017110591456111334
lr,cross_station_raw_raw,1,3141,179753,120247,raw,raw,0.9701152420967054,0.968538909502421,0.9408788878187355,0.011799747966548287
lr,cross_station_raw_raw,1,42,179674,120326,raw,raw,0.9663098350961137,0.9646632316343443,0.9346315809900836,0.018535681186283594
lr,cross_station_raw_raw,1,4242,180063,119937,raw,raw,0.9692583266887306,0.9681016011922384,0.940691188516597,0.01581459543389499
lr,cross_station_raw_raw,1,456,179937,120063,raw,raw,0.9690762336121777,0.9674842382751812,0.9398539435248296,0.017911651212348098
lr,cross_station_raw_raw,1,5555,179726,120274,raw,raw,0.9720916295452025,0.9727024885242797,0.9498325805949229,0.018417151328543734
lr,cross_station_raw_raw,1,6789,179831,120169,raw,raw,0.9693483281299707,0.9688762104947076,0.9418071785092286,0.013686026451983899
lr,cross_station_raw_raw,1,789,179659,120341,raw,raw,0.9692348706929894,0.9670758368935155,0.9380903740454303,0.01151259546335347
lr,cross_station_raw_raw,2,1011,119965,180035,raw,raw,0.8435451752933357,0.6920608343797963,0.9992822695392675,0.7013357450953109
lr,cross_station_raw_raw,2,123,120438,179562,raw,raw,0.8382877483274568,0.6905733229669878,0.9990016554826806,0.7045932032938037
lr,cross_station_raw_raw,2,2026,120494,179506,raw,raw,0.8456000575992745,0.6920164062021741,0.9995452593284996,0.7015945784333267
lr,cross_station_raw_raw,2,3141,120247,179753,raw,raw,0.8440723511600997,0.6927269392353984,0.9996596838841413,0.7004232435393118
lr,cross_station_raw_raw,2,42,120326,179674,raw,raw,0.8437968257774912,0.6907301712261366,0.9987478656801366,0.7018656382629784
lr,cross_station_raw_raw,2,4242,119937,180063,raw,raw,0.8429114985300329,0.6926021574681758,0.9992334661154325,0.701843079495243
lr,cross_station_raw_raw,2,456,120063,179937,raw,raw,0.8464763649066502,0.6924413174227677,0.9987032117541894,0.7000596955526813
lr,cross_station_raw_raw,2,5555,120274,179726,raw,raw,0.8421364578646184,0.6918720823698792,0.9987530072678263,0.7029152339662131
lr,cross_station_raw_raw,2,6789,120169,179831,raw,raw,0.8398487719404684,0.6924766108295243,0.9995084942279578,0.7006359284655116
lr,cross_station_raw_raw,2,789,120341,179659,raw,raw,0.845700983000521,0.6919338145707511,0.9986386325820602,0.7020742173093982
lr,prior_control,1,1011,126024,22625,same-station,other priors,0.993434217763872,0.998604867462409,0.9976769397553044,0.0027658266748617085
lr,prior_control,1,123,125693,22391,same-station,other priors,0.9948260335790035,0.9983528981149834,0.9971276373511594,0.002466851680542707
lr,prior_control,1,2026,125654,22392,same-station,other priors,0.9930242308296305,0.9982998090554785,0.9973345876450298,0.004297114794352364
lr,prior_control,1,3141,125827,22487,same-station,other priors,0.9930875361653256,0.9981765134938001,0.9967225054624909,0.0021439509954058193
lr,prior_control,1,42,125771,22381,same-station,other priors,0.9934991547916295,0.9983551343306963,0.997339593114241,0.003737153534724385
lr,prior_control,1,4242,126044,22662,same-station,other priors,0.9929227045674186,0.9983728078105225,0.997471098265896,0.00426049908703591
lr,prior_control,1,456,125955,22467,same-station,other priors,0.9933217308850052,0.9984374186155529,0.9974503070038505,0.003385657125269314
lr,prior_control,1,5555,125808,22577,same-station,other priors,0.992359872297051,0.9980014016144522,0.9968887736582837,0.005164034021871203
lr,prior_control,1,6789,125881,22582,same-station,other priors,0.9928514457075672,0.9982115549104481,0.996996996996997,0.0033659730722154224
lr,prior_control,1,789,125761,22667,same-station,other priors,0.993348834526536,0.9981639988621965,0.9967978514616259,0.0027231467473524964
lr,prior_control,2,1011,83975,9261,same-station,other priors,0.9874847685001983,0.9927095990279465,1.0,0.011591962905718702
lr,prior_control,2,123,84306,9356,same-station,other priors,0.9868889227506167,0.991699747383616,0.9997574581615328,0.012994458245748138
lr,prior_control,2,2026,84345,9411,same-station,other priors,0.9770526243337712,0.989983305509182,1.0,0.01596958174904943
lr,prior_control,2,3141,84172,9376,same-station,other priors,0.9832030310641178,0.9928023032629558,1.0,0.011454753722794959
lr,prior_control,2,42,84228,9247,same-station,other priors,0.9895512049442483,0.9914717348927875,1.0,0.013518733101583623
lr,prior_control,2,4242,83955,9347,same-station,other priors,0.9877418492198287,0.9906407487401008,0.9995157384987894,0.014567759248610312
lr,prior_control,2,456,84044,9325,same-station,other priors,0.9852442721179158,0.9912079971094785,0.999757045675413,0.013822230754463429
lr,prior_control,2,5555,84191,9424,same-station,other priors,0.9888954125229488,0.9927251043530113,0.9997597886139803,0.011404675917126022
lr,prior_control,2,6789,84118,9335,same-station,other priors,0.9898243296822974,0.9950465144375982,1.0,0.007858922752539774
lr,prior_control,2,789,84238,9426,same-station,other priors,0.9862782293340326,0.9910703655197047,1.0,0.014247720364741642
mlp,cross_station_matched_raw,1,1011,93736,119965,matched,raw,0.9697726130169824,0.9634254500010079,0.930707818128712,0.008171544479860909
mlp,cross_station_matched_raw,1,123,93592,120438,matched,raw,0.9589120858673679,0.9409763967241078,0.8890927803021477,0.003726636853571838
mlp,cross_station_matched_raw,1,2026,93783,120494,matched,raw,0.9494173570242608,0.9532311413024149,0.9110925496061616,0.0029088005475389265
mlp,cross_station_matched_raw,1,3141,93713,120247,matched,raw,0.9590436143407968,0.9431372851148194,0.8932181459105546,0.0054416313437965404
mlp,cross_station_matched_raw,1,42,93503,120326,matched,raw,0.9544663417813085,0.9350753934863745,0.8787914071141643,0.00492354031510658
mlp,cross_station_matched_raw,1,4242,93991,119937,matched,raw,0.9296906112648229,0.9319989174785578,0.8731423333463354,0.0032779343262982347
mlp,cross_station_matched_raw,1,456,93710,120063,matched,raw,0.9665952725678062,0.9572878467414294,0.9188704965920156,0.005125842308356851
mlp,cross_station_matched_raw,1,5555,93846,120274,matched,raw,0.9383812331036238,0.9044308925753763,0.8257280797383585,0.0013684570646595963
mlp,cross_station_matched_raw,1,6789,93910,120169,matched,raw,0.9603699295844539,0.9459758571926301,0.8981795892156959,0.004542840713053479
mlp,cross_station_matched_raw,1,789,94076,120341,matched,raw,0.961816863848538,0.947858911144301,0.9013765260956272,0.0031916106235039326
mlp,cross_station_matched_raw,2,1011,93736,180035,matched,raw,0.8542183365000416,0.6935486688561247,0.9998237153254341,0.697250988888668
mlp,cross_station_matched_raw,2,123,93592,179562,matched,raw,0.8438990578105467,0.6932223439211391,0.9997851663696907,0.6970457328912387
mlp,cross_station_matched_raw,2,2026,93783,179506,matched,raw,0.8561160237527884,0.6946470417862503,0.9997473662936109,0.6932629061191947
mlp,cross_station_matched_raw,2,3141,93713,179753,matched,raw,0.844401700846239,0.6937490434440388,0.9998361440923643,0.6973260966987004
mlp,cross_station_matched_raw,2,42,93503,179674,matched,raw,0.8474024456458976,0.6938732514911976,0.9997470435717448,0.6930493295828405
mlp,cross_station_matched_raw,2,4242,93991,180063,matched,raw,0.8285557003824242,0.6955476488123858,0.9997989419319168,0.6930058516778791
mlp,cross_station_matched_raw,2,456,93710,179937,matched,raw,0.821820842528647,0.6936224155265114,0.9989046545884901,0.6964779623918018
mlp,cross_station_matched_raw,2,5555,93846,179726,matched,raw,0.8458106285149912,0.6940174527394506,0.9997606781625121,0.6973538645537449
mlp,cross_station_matched_raw,2,6789,93910,179831,matched,raw,0.8372258924174707,0.6949376015699261,0.9996975349095125,0.692843565578257
mlp,cross_station_matched_raw,2,789,94076,179659,matched,raw,0.8463019600706464,0.693638534405094,0.9996344476377754,0.6979477109850788
mlp,cross_station_raw_matched,1,1011,180035,93736,raw,matched,0.9708103419736962,0.9609359615946113,0.9251840326355566,0.0017965807012460156
mlp,cross_station_raw_matched,1,123,179562,93592,raw,matched,0.969439021968588,0.9551231489927915,0.9143532501641497,0.0012039903680770554
mlp,cross_station_raw_matched,1,2026,179506,93783,raw,matched,0.968833167593183,0.9545351761376485,0.9134557377049181,0.00205327097473336
mlp,cross_station_raw_matched,1,3141,179753,93713,raw,matched,0.9695267472815351,0.9541905721551612,0.912753262081175,0.0017184098980410128
mlp,cross_station_raw_matched,1,42,179674,93503,raw,matched,0.9612419060972702,0.9413005906727839,0.8894135547423235,0.0015060240963855422
mlp,cross_station_raw_matched,1,4242,180063,93991,raw,matched,0.9706165668230019,0.9565501603578943,0.9169342837001645,0.0010351371556731267
mlp,cross_station_raw_matched,1,456,179937,93710,raw,matched,0.9753340721347354,0.9648272543025439,0.9321911797451111,0.0006911248056211485
mlp,cross_station_raw_matched,1,5555,179726,93846,raw,matched,0.9698145225772221,0.954679303685645,0.913455994129056,0.0007982666210514312
mlp,cross_station_raw_matched,1,6789,179831,93910,raw,matched,0.9756852334722657,0.9651698914263308,0.9328672242550967,0.0008625646923519264
mlp,cross_station_raw_matched,1,789,179659,94076,raw,matched,0.9739015141987851,0.9620605025152883,0.9271004834705344,0.0009688817964208366
mlp,cross_station_raw_matched,2,1011,119965,93736,raw,matched,0.888928186942213,0.9271814034747161,0.9992285665720898,0.6922631121414082
mlp,cross_station_raw_matched,2,123,120438,93592,raw,matched,0.8890143943740012,0.9265190882428107,0.9997767564018385,0.6913771356495815
mlp,cross_station_raw_matched,2,2026,120494,93783,raw,matched,0.8925965442809457,0.925856160221666,0.9991475409836066,0.6922374950094108
mlp,cross_station_raw_matched,2,3141,120247,93713,raw,matched,0.8924199949517865,0.9265134938001459,0.999475444233165,0.6902279757131401
mlp,cross_station_raw_matched,2,42,120326,93503,raw,matched,0.8929955263953396,0.9273302506692626,0.9995933839635882,0.690048656163114
mlp,cross_station_raw_matched,2,4242,119937,93991,raw,matched,0.8735071278304507,0.9266040053986334,0.9993211665491762,0.6944045085973891
mlp,cross_station_raw_matched,2,456,120063,93710,raw,matched,0.8700030453032643,0.9264195373000267,0.9996987438930148,0.6969417727351264
mlp,cross_station_raw_matched,2,5555,120274,93846,raw,matched,0.8922248512941731,0.9260691413482259,0.9996068564239661,0.6927243699395598
mlp,cross_station_raw_matched,2,6789,120169,93910,raw,matched,0.8883451304556222,0.9267970609792294,0.9997647673810769,0.693904542840713
mlp,cross_station_raw_matched,2,789,120341,94076,raw,matched,0.8783808364977619,0.9257802096699997,0.999281327583954,0.695714122877009
mlp,cross_station_raw_raw,1,1011,180035,119965,raw,raw,0.9638579983051577,0.9542208899316494,0.9127251484762925,0.0017965807012460156
mlp,cross_station_raw_raw,1,123,179562,120438,raw,raw,0.9611055020892684,0.9458156812181494,0.8973843644413375,0.0012039903680770554
mlp,cross_station_raw_raw,1,2026,179506,120494,raw,raw,0.9607596345442206,0.9456211291395813,0.8971649459504084,0.00205327097473336
mlp,cross_station_raw_raw,1,3141,179753,120247,raw,raw,0.9611049382189277,0.9447643092459743,0.8955724834369436,0.0017184098980410128
mlp,cross_station_raw_raw,1,42,179674,120326,raw,raw,0.9521854025741501,0.9299341900392368,0.8692631619801673,0.0015060240963855422
mlp,cross_station_raw_raw,1,4242,180063,119937,raw,raw,0.962708541866966,0.9478899534292103,0.9010999726957132,0.0010351371556731267
mlp,cross_station_raw_raw,1,456,179937,120063,raw,raw,0.9683841750429877,0.9579315277658004,0.919367088607595,0.0006911248056211485
mlp,cross_station_raw_raw,1,5555,179726,120274,raw,raw,0.9616688883050403,0.9457699983070759,0.8972414732907646,0.0007982666210514312
mlp,cross_station_raw_raw,1,6789,179831,120169,raw,raw,0.9692199791804147,0.9591060751046777,0.9215598517206822,0.0008625646923519264
mlp,cross_station_raw_raw,1,789,179659,120341,raw,raw,0.9664489672494145,0.954259268677211,0.9126708497495014,0.0009688817964208366
mlp,cross_station_raw_raw,2,1011,119965,180035,raw,raw,0.8515648415529432,0.6943393254789415,0.9992193107269225,0.6937625474567175
mlp,cross_station_raw_raw,2,123,120438,179562,raw,raw,0.8516188948019748,0.6932659150757798,0.9997472545525774,0.6968465911919627
mlp,cross_station_raw_raw,2,2026,120494,179506,raw,raw,0.8555261501731803,0.6943648309975992,0.9991789404542354,0.693342635040861
mlp,cross_station_raw_raw,2,3141,120247,179753,raw,raw,0.8535884400364129,0.6935712411440567,0.9994706193753309,0.6973659313847532
mlp,cross_station_raw_raw,2,42,120326,179674,raw,raw,0.8552750617112461,0.6934753615049839,0.9996079175362044,0.6941426711328013
mlp,cross_station_raw_raw,2,4242,119937,180063,raw,raw,0.8263714898562822,0.6953028349107123,0.9993465612787293,0.6931352255085387
mlp,cross_station_raw_raw,2,456,120063,179937,raw,raw,0.8325174887541784,0.6937846492588499,0.9997104259256928,0.6971445627300766
mlp,cross_station_raw_raw,2,5555,120274,179726,raw,raw,0.8556099559707743,0.6948569327216054,0.9996221234144929,0.6943937808342054
mlp,cross_station_raw_raw,2,6789,120169,179831,raw,raw,0.8521071196684595,0.6949874939221776,0.9997605484700307,0.6927739020530836
mlp,cross_station_raw_raw,2,789,120341,179659,raw,raw,0.8314171077173463,0.6935051415624576,0.9993067110371603,0.6978978739521764
mlp,prior_control,1,1011,126024,22625,same-station,other priors,0.9951212053915773,0.9994576866461793,0.9989675287801353,0.00030731407498463427
mlp,prior_control,1,123,125693,22391,same-station,other priors,0.9964628824130166,0.9994513389941215,0.9989032797158972,0.0
mlp,prior_control,1,2026,125654,22392,same-station,other priors,0.9954579879015052,0.9992940622793944,0.9987456883035434,0.0009208103130755065
mlp,prior_control,1,3141,125827,22487,same-station,other priors,0.9957538362161694,0.9996357770955825,0.9994797627718239,0.001225114854517611
mlp,prior_control,1,42,125771,22381,same-station,other priors,0.9961171618178454,0.9993736298152208,0.9987480438184664,0.0
mlp,prior_control,1,4242,126044,22662,same-station,other priors,0.996320095169463,0.9997935910005676,0.9999483897605285,0.002130249543517955
mlp,prior_control,1,456,125955,22467,same-station,other priors,0.9955986522305262,0.9992449293097613,0.998490998022687,0.0
mlp,prior_control,1,5555,125808,22577,same-station,other priors,0.9960571961461832,0.9996369482910638,0.9994296085040186,0.0009113001215066828
mlp,prior_control,1,6789,125881,22582,same-station,other priors,0.9965001283044033,0.9992227576558371,0.9984467225846536,0.0
mlp,prior_control,1,789,125761,22667,same-station,other priors,0.9958209999669457,0.9994057922339629,0.998967048858589,0.000907715582450832
mlp,prior_control,2,1011,83975,9261,same-station,other priors,0.9969438071867837,0.9995106435037925,1.0,0.0007727975270479134
mlp,prior_control,2,123,84306,9356,same-station,other priors,0.997660226948748,0.9990305380513815,0.9997574581615328,0.0013376648194152493
mlp,prior_control,2,2026,84345,9411,same-station,other priors,0.9889125606463102,0.9980764606876653,1.0,0.003041825095057034
mlp,prior_control,2,3141,84172,9376,same-station,other priors,0.9948993457875073,0.9995169082125603,1.0,0.0007636502481863307
mlp,prior_control,2,42,84228,9247,same-station,other priors,1.0,1.0,1.0,0.0
mlp,prior_control,2,4242,83955,9347,same-station,other priors,0.9974287767302908,0.9989113342203944,0.9997578692493947,0.0015334483419589802
mlp,prior_control,2,456,84044,9325,same-station,other priors,0.9968743574694644,0.9984232868405094,1.0,0.00249568055288923
mlp,prior_control,2,5555,84191,9424,same-station,other priors,0.9984860903166926,0.9989196975153043,0.9995195772279606,0.0013305455236647026
mlp,prior_control,2,6789,84118,9335,same-station,other priors,0.9962128242997732,0.9993932775148647,1.0,0.0009584052137243627
mlp,prior_control,2,789,84238,9426,same-station,other priors,0.9992056422978683,0.9996397261919059,1.0,0.0005699088145896656
rf,cross_station_matched_raw,1,1011,93736,119965,matched,raw,0.9091673635285795,0.8101879997452421,0.6811897575698569,0.0022022602144305997
rf,cross_station_matched_raw,1,123,93592,120438,matched,raw,0.9072014684332047,0.8062046946615753,0.6754339974367937,0.0009173259947253755
rf,cross_station_matched_raw,1,2026,93783,120494,matched,raw,0.8908900873855283,0.7506156365621399,0.6009751265042104,0.001825129755318542
rf,cross_station_matched_raw,1,3141,93713,120247,matched,raw,0.9082617363632693,0.8071620391046871,0.676930410841627,0.0022339328674533167
rf,cross_station_matched_raw,1,42,93503,120326,matched,raw,0.9147649506991274,0.8297970139428779,0.7094079292076614,0.0025486561631139944
rf,cross_station_matched_raw,1,4242,93991,119937,matched,raw,0.9345262630360343,0.8814448449420066,0.788128486172329,0.0008051066766346541
rf,cross_station_matched_raw,1,456,93710,120063,matched,raw,0.8914614848267619,0.7546414998272507,0.6061343719571568,0.0016702182802511088
rf,cross_station_matched_raw,1,5555,93846,120274,matched,raw,0.9162649829208538,0.8301790135754333,0.7098290764678399,0.0013684570646595963
rf,cross_station_matched_raw,1,6789,93910,120169,matched,raw,0.9083030251645258,0.8092326222407523,0.6798470504675079,0.0022426682001150085
rf,cross_station_matched_raw,1,789,94076,120341,matched,raw,0.918519106545674,0.8388437452354466,0.7225545989590934,0.0010828678901174057
rf,cross_station_matched_raw,2,1011,93736,180035,matched,raw,0.8550079341288587,0.6948342828117405,0.9990304342898876,0.69186427875728
rf,cross_station_matched_raw,2,123,93592,179562,matched,raw,0.855868615221877,0.6935203705653227,0.9990142927550517,0.6949248737939481
rf,cross_station_matched_raw,2,2026,93783,179506,matched,raw,0.857529630115714,0.6949603753360628,0.9991536770835965,0.691359378114411
rf,cross_station_matched_raw,2,3141,93713,179753,matched,raw,0.8572657739262609,0.6955617563441087,0.9991303032594722,0.690345067967933
rf,cross_station_matched_raw,2,42,93503,179674,matched,raw,0.8564139851626426,0.6941273649153332,0.9990640612154557,0.6912105278851792
rf,cross_station_matched_raw,2,4242,93991,180063,matched,raw,0.8533456717837751,0.6956323930846224,0.9991078048228804,0.6917021615381553
rf,cross_station_matched_raw,2,456,93710,179937,matched,raw,0.8477859844944774,0.6565432366103653,0.9161368300451987,0.6911849567207243
rf,cross_station_matched_raw,2,5555,93846,179726,matched,raw,0.8562480204282363,0.6951644354856379,0.9991056920809663,0.6926197239248517
rf,cross_station_matched_raw,2,6789,93910,179831,matched,raw,0.8569634807466774,0.6951954190306655,0.9991178101527449,0.6911417851775923
rf,cross_station_matched_raw,2,789,94076,179659,matched,raw,0.8570312160464141,0.6951736596787702,0.9992310795139414,0.6923161262671066
rf,cross_station_raw_matched,1,1011,180035,93736,raw,matched,0.921885483909432,0.8444890960319679,0.7308743348021077,0.00023181686467690525
rf,cross_station_raw_matched,1,123,179562,93592,raw,matched,0.8977668476599567,0.7847733637589461,0.645817465528562,0.00022933149868134388
rf,cross_station_raw_matched,1,2026,179506,93783,raw,matched,0.8994900012988928,0.7882158520307634,0.650544262295082,0.0005703530485370444
rf,cross_station_raw_matched,1,3141,179753,93713,raw,matched,0.9068249645101952,0.8052700839704223,0.6740803881712675,0.00040096230954290296
rf,cross_station_raw_matched,1,42,179674,93503,raw,matched,0.8985997733507359,0.787063623998791,0.6489591941132491,0.0004633920296570899
rf,cross_station_raw_matched,1,4242,180063,93991,raw,matched,0.8995432349686653,0.7856859792343663,0.6470457690399728,0.00017252285927885444
rf,cross_station_raw_matched,1,456,179937,93710,raw,matched,0.9204165006697872,0.8427402243103971,0.7283062857741627,0.0005183436042158614
rf,cross_station_raw_matched,1,5555,179726,93846,raw,matched,0.9056872539003513,0.8015483546768634,0.6689075850500603,0.0005701904436081651
rf,cross_station_raw_matched,1,6789,179831,93910,raw,matched,0.9240587433472195,0.8524858108969312,0.7429560899111344,0.00034502587694077054
rf,cross_station_raw_matched,1,789,179659,94076,raw,matched,0.9143266908578078,0.8255251891294674,0.702953090291389,0.0003989513279379916
rf,cross_station_raw_matched,2,1011,119965,93736,raw,matched,0.890181727199634,0.9258458098386156,0.996142832860449,0.6901767603593162
rf,cross_station_raw_matched,2,123,120438,93592,raw,matched,0.8919908344586855,0.9263600109592377,0.9990151017728168,0.6891411535374383
rf,cross_station_raw_matched,2,2026,120494,93783,raw,matched,0.8935437397683231,0.9261244833454899,0.9991213114754098,0.6893857297667256
rf,cross_station_raw_matched,2,3141,120247,93713,raw,matched,0.8935706791514801,0.9270013931728447,0.9991082551963806,0.6834116164509108
rf,cross_station_raw_matched,2,42,120326,93503,raw,matched,0.8946687289923049,0.9273130166924379,0.9990031348784743,0.6872103799814643
rf,cross_station_raw_matched,2,4242,119937,93991,raw,matched,0.8892309770595576,0.9266544373611338,0.9990731312498368,0.692621772384841
rf,cross_station_raw_matched,2,456,120063,93710,raw,matched,0.8843284853132766,0.9082785385870371,0.9625394580009693,0.6900881184127167
rf,cross_station_raw_matched,2,5555,120274,93846,raw,matched,0.8926716980230438,0.9259864325666984,0.9990564554175185,0.6907857224312921
rf,cross_station_raw_matched,2,6789,120169,93910,raw,matched,0.8792243933993239,0.9001372406555259,0.9471380031364349,0.6921219091431857
rf,cross_station_raw_matched,2,789,120341,94076,raw,matched,0.8927078118661519,0.926285060172371,0.999202926956749,0.6901857973327254
rf,cross_station_raw_raw,1,1011,180035,119965,raw,raw,0.90951120887348,0.8109603630301908,0.6820562749488852,0.00023181686467690525
rf,cross_station_raw_raw,1,123,179562,120438,raw,raw,0.8846455180664677,0.732276486805829,0.5776535011068391,0.00022933149868134388
rf,cross_station_raw_raw,1,2026,179506,120494,raw,raw,0.8863116035114674,0.7360946600303178,0.5824535503734424,0.0005703530485370444
rf,cross_station_raw_raw,1,3141,179753,120247,raw,raw,0.8938382617773049,0.7594313436798532,0.6122055862008581,0.00040096230954290296
rf,cross_station_raw_raw,1,42,179674,120326,raw,raw,0.8853885726733215,0.7350192379678324,0.5810968155091111,0.0004633920296570899
rf,cross_station_raw_raw,1,4242,180063,119937,raw,raw,0.8868055059463247,0.7354214193230162,0.5815715567344073,0.00017252285927885444
rf,cross_station_raw_raw,1,456,179937,120063,raw,raw,0.9078633775380524,0.8075049779692207,0.6772151898734177,0.0005183436042158614
rf,cross_station_raw_raw,1,5555,179726,120274,raw,raw,0.8925418434413758,0.7546845077933726,0.606077713751752,0.0005701904436081651
rf,cross_station_raw_raw,1,6789,179831,120169,raw,raw,0.9114341945256297,0.8195198144032709,0.6942663384543535,0.00034502587694077054
rf,cross_station_raw_raw,1,789,179659,120341,raw,raw,0.9019574406901837,0.7873476104253048,0.6493214650518021,0.0003989513279379916
rf,cross_station_raw_raw,2,1011,119965,180035,raw,raw,0.8544874320210928,0.6935814720011221,0.9962728383091781,0.69186427875728
rf,cross_station_raw_raw,2,123,120438,179562,raw,raw,0.8551465681525912,0.6935173285024366,0.9990142927550517,0.6949348308789118
rf,cross_station_raw_raw,2,2026,120494,179506,raw,raw,0.8573704005177596,0.6949603753360628,0.9991536770835965,0.691359378114411
rf,cross_station_raw_raw,2,3141,120247,179753,raw,raw,0.8567681723298632,0.6955617563441087,0.9991303032594722,0.690345067967933
rf,cross_station_raw_raw,2,42,120326,179674,raw,raw,0.8582294928882422,0.6941158895586917,0.9990387655726302,0.6912105278851792
rf,cross_station_raw_raw,2,4242,119937,180063,raw,raw,0.8536114319521877,0.6956384793735509,0.9991078048228804,0.6916822578719
rf,cross_station_raw_raw,2,456,120063,179937,raw,raw,0.8534978361650825,0.6791858675548972,0.9639920933687537,0.6912048552382848
rf,cross_station_raw_raw,2,5555,120274,179726,raw,raw,0.856695507937162,0.695158717638604,0.9990930961947828,0.6926197239248517
rf,cross_station_raw_raw,2,6789,120169,179831,raw,raw,0.8510465863011429,0.6720482648138976,0.9490094268286535,0.6911318332454246
rf,cross_station_raw_raw,2,789,120341,179659,raw,raw,0.8570768218009703,0.695179756115742,0.9992310795139414,0.6922961914539456
rf,prior_control,1,1011,126024,22625,same-station,other priors,0.997878525638322,0.9996901786636373,0.9994321408290744,0.00030731407498463427
rf,prior_control,1,123,125693,22391,same-station,other priors,0.9965988185465002,0.9996604591636848,0.9994255274702318,0.0006167129201356768
rf,prior_control,1,2026,125654,22392,same-station,other priors,0.9978596237102769,0.999712485951018,0.9994773701264764,0.0003069367710251688
rf,prior_control,1,3141,125827,22487,same-station,other priors,0.9978420390157142,0.9995055559892784,0.9990635729892832,0.00030627871362940275
rf,prior_control,1,42,125771,22381,same-station,other priors,0.9932659744693814,0.9996608312243993,0.9993740219092332,0.0003114294612270321
rf,prior_control,1,4242,126044,22662,same-station,other priors,0.998078559117528,0.9997160777430761,0.9994838976052849,0.00030432136335970786
rf,prior_control,1,456,125955,22467,same-station,other priors,0.9980164054560353,0.999817864855723,0.9997398272452909,0.0006155740227762388
rf,prior_control,1,5555,125808,22577,same-station,other priors,0.997563106551424,0.9998184788527863,0.9996370235934664,0.0
rf,prior_control,1,6789,125881,22582,same-station,other priors,0.9986972353606904,0.9997669902912621,0.9996893445169307,0.0009179926560587516
rf,prior_control,1,789,125761,22667,same-station,other priors,0.9981303303118586,0.9996900185988841,0.9993802293151534,0.0
rf,prior_control,2,1011,83975,9261,same-station,other priors,0.9988237195095907,1.0,1.0,0.0
rf,prior_control,2,123,84306,9356,same-station,other priors,0.9986165498637803,0.9992727272727273,0.9997574581615328,0.0009554748710108924
rf,prior_control,2,2026,84345,9411,same-station,other priors,0.9989068782804067,0.9998795616042394,1.0,0.00019011406844106463
rf,prior_control,2,3141,84172,9376,same-station,other priors,0.99659696878113,0.9998791832789659,1.0,0.00019091256204658267
rf,prior_control,2,42,84228,9247,same-station,other priors,0.9990489360604653,0.9996314949023462,1.0,0.0005793742757821553
rf,prior_control,2,4242,83955,9347,same-station,other priors,0.9990148694486926,1.0,1.0,0.0
rf,prior_control,2,456,84044,9325,same-station,other priors,0.9993861275551225,0.9997571046878795,1.0,0.0003839508542906508
rf,prior_control,2,5555,84191,9424,same-station,other priors,0.9923711762445053,0.9997598463016331,1.0,0.00038015586390420075
rf,prior_control,2,6789,84118,9335,same-station,other priors,0.9907073146151956,1.0,1.0,0.0
rf,prior_control,2,789,84238,9426,same-station,other priors,0.9997560320619997,0.9998798798798799,1.0,0.00018996960486322188
xgboost,cross_station_matched_raw,1,1011,93736,119965,matched,raw,0.9234951055040782,0.8614578312585526,0.7569564794080421,0.002549985511445958
xgboost,cross_station_matched_raw,1,123,93592,120438,matched,raw,0.9219275958964273,0.8614927384917939,0.7570682356596372,0.0029813094828574703
xgboost,cross_station_matched_raw,1,2026,93783,120494,matched,raw,0.9228274661318946,0.8615233317495221,0.7572478899777586,0.003992471339759311
xgboost,cross_station_matched_raw,1,3141,93713,120247,matched,raw,0.9228755122388874,0.8635424150317768,0.760091060327467,0.0018329705579104136
xgboost,cross_station_matched_raw,1,42,93503,120326,matched,raw,0.9219004039550995,0.8635702479338843,0.7604063573383012,0.0039967562557924
xgboost,cross_station_matched_raw,1,4242,93991,119937,matched,raw,0.9232690488572032,0.861754604018355,0.7572453875258416,0.0012076600149519812
xgboost,cross_station_matched_raw,1,456,93710,120063,matched,raw,0.9209006962161135,0.8610122512334386,0.7561733203505355,0.0017854057478546334
xgboost,cross_station_matched_raw,1,5555,93846,120274,matched,raw,0.9227413528801054,0.8634445998772511,0.7600062295592587,0.002337780818793477
xgboost,cross_station_matched_raw,1,6789,93910,120169,matched,raw,0.9217841284159619,0.862915309716409,0.7592309713073683,0.002702702702702703
xgboost,cross_station_matched_raw,1,789,94076,120341,matched,raw,0.9222513491153612,0.8641358972376545,0.7611070577362712,0.0025646871081728027
xgboost,cross_station_matched_raw,2,1011,93736,180035,matched,raw,0.7628820969203223,0.6909601914674044,0.9906065451981314,0.6919934802917967
xgboost,cross_station_matched_raw,2,123,93592,179562,matched,raw,0.7623384845970839,0.689944846634941,0.9912044584296925,0.6950045304736585
xgboost,cross_station_matched_raw,2,2026,93783,179506,matched,raw,0.7658484155755223,0.6909925709199545,0.9904378142131723,0.691359378114411
xgboost,cross_station_matched_raw,2,3141,93713,179753,matched,raw,0.762582018631719,0.6915392672000281,0.9903451057500819,0.6904147786685256
xgboost,cross_station_matched_raw,2,42,93503,179674,matched,raw,0.7630815422182209,0.6901010563985491,0.990235881869348,0.6912403462910873
xgboost,cross_station_matched_raw,2,4242,93991,180063,matched,raw,0.7609932283211566,0.6915106966538672,0.9900727578883877,0.6917220652044107
xgboost,cross_station_matched_raw,2,456,93710,179937,matched,raw,0.7638987376224313,0.691267528883381,0.9902174323592733,0.6912347030146254
xgboost,cross_station_matched_raw,2,5555,93846,179726,matched,raw,0.7616689031977708,0.6911263098670792,0.990250784093915,0.6926396571485524
xgboost,cross_station_matched_raw,2,6789,93910,179831,matched,raw,0.7696075857044656,0.6912498735657964,0.9904723496496446,0.6911716409740951
xgboost,cross_station_matched_raw,2,789,94076,179659,matched,raw,0.7655320694716137,0.6909217275022654,0.9899536126657591,0.6924058329263308
xgboost,cross_station_raw_matched,1,1011,180035,93736,raw,matched,0.9357650078088737,0.8859596099365673,0.7953086387468783,0.00023181686467690525
xgboost,cross_station_raw_matched,1,123,179562,93592,raw,matched,0.9353271955517116,0.8854855704501551,0.7945764937623112,0.0004013301226923518
xgboost,cross_station_raw_matched,1,2026,179506,93783,raw,matched,0.9363972274194798,0.8869525873707409,0.7969836065573771,0.0006273883533907488
xgboost,cross_station_raw_matched,1,3141,179753,93713,raw,matched,0.9351769317009211,0.8852816067591469,0.7942167726706445,0.0002291213197388017
xgboost,cross_station_raw_matched,1,42,179674,93503,raw,matched,0.935856384262699,0.88537745846824,0.7944752685633337,0.0008109360518999073
xgboost,cross_station_raw_matched,1,4242,180063,93991,raw,matched,0.9362067378308239,0.887061626521777,0.7971071251403358,0.00034504571855770887
xgboost,cross_station_raw_matched,1,456,179937,93710,raw,matched,0.93541034135887,0.8867034577279455,0.7965604411437254,0.0005183436042158614
xgboost,cross_station_raw_matched,1,5555,179726,93846,raw,matched,0.9364252751901255,0.8876677986853037,0.7981076689206899,0.0004561523548865321
xgboost,cross_station_raw_matched,1,6789,179831,93910,raw,matched,0.93578005907402,0.8872441746337563,0.7974124411918453,0.00040253018976423233
xgboost,cross_station_raw_matched,1,789,179659,94076,raw,matched,0.9363298262361993,0.8883128199542534,0.7992551940415523,0.0010258748432691212
xgboost,cross_station_raw_matched,2,1011,119965,93736,raw,matched,0.7988651062283387,0.9230394336852493,0.9905466717223885,0.6902347145754854
xgboost,cross_station_raw_matched,2,123,120438,93592,raw,matched,0.8023610518836101,0.9222363467461986,0.9908076165462902,0.6893704850361198
xgboost,cross_station_raw_matched,2,2026,120494,93783,raw,matched,0.7998450289124818,0.92166748046875,0.9902032786885245,0.6893857297667256
xgboost,cross_station_raw_matched,2,3141,120247,93713,raw,matched,0.8035249200550411,0.9226051580271951,0.9903350599960659,0.6835261771107801
xgboost,cross_station_raw_matched,2,42,120326,93503,raw,matched,0.8007988106881747,0.922531292612681,0.9894410996996288,0.6872103799814643
xgboost,cross_station_raw_matched,2,4242,119937,93991,raw,matched,0.7950292872280682,0.9217539378458919,0.9892953186600872,0.6927367876243602
xgboost,cross_station_raw_matched,2,456,120063,93710,raw,matched,0.7998344111578989,0.9222838387720614,0.990071646561096,0.6900305246789149
xgboost,cross_station_raw_matched,2,5555,120274,93846,raw,matched,0.7929653045375267,0.9212779973649539,0.9896603239503067,0.6908997605200137
xgboost,cross_station_raw_matched,2,6789,120169,93910,raw,matched,0.8016202969919372,0.922283071680662,0.9903815995818087,0.6921219091431857
xgboost,cross_station_raw_matched,2,789,120341,94076,raw,matched,0.7975852449200924,0.9217819674623688,0.9902260551417744,0.6903567764732702
xgboost,cross_station_raw_raw,1,1011,180035,119965,raw,raw,0.9240622074682001,0.8623674373529004,0.7580664005452245,0.00023181686467690525
xgboost,cross_station_raw_raw,1,123,179562,120438,raw,raw,0.923262690318785,0.8608257114102125,0.7557089595712455,0.0004013301226923518
xgboost,cross_station_raw_raw,1,2026,179506,120494,raw,raw,0.9243487485916623,0.8622067037562914,0.7578694845621158,0.0006273883533907488
xgboost,cross_station_raw_raw,1,3141,179753,120247,raw,raw,0.9231923432422136,0.860836367061744,0.7557034313010147,0.0002291213197388017
xgboost,cross_station_raw_raw,1,42,179674,120326,raw,raw,0.9239264523299932,0.8610512591021093,0.7561079738409889,0.0008109360518999073
xgboost,cross_station_raw_raw,1,4242,180063,119937,raw,raw,0.9241877394227829,0.8626278869881054,0.758483831961618,0.00034504571855770887
xgboost,cross_station_raw_raw,1,456,179937,120063,raw,raw,0.9231644465001586,0.8613382260827148,0.7565141187925998,0.0005183436042158614
xgboost,cross_station_raw_raw,1,5555,179726,120274,raw,raw,0.9244796951643338,0.8637592687822437,0.7602495717178009,0.0004561523548865321
xgboost,cross_station_raw_raw,1,6789,179831,120169,raw,raw,0.9241251590942876,0.8637345994616376,0.7602039327099894,0.00040253018976423233
xgboost,cross_station_raw_raw,1,789,179659,120341,raw,raw,0.924347036215057,0.8642271258526886,0.7610486891385768,0.0010258748432691212
xgboost,cross_station_raw_raw,2,1011,119965,180035,raw,raw,0.7635199803067826,0.6910751531385163,0.9908583804475113,0.6919934802917967
xgboost,cross_station_raw_raw,2,123,120438,179562,raw,raw,0.766902855212333,0.6898866125385948,0.9911033602507234,0.6950443588135138
xgboost,cross_station_raw_raw,2,2026,120494,179506,raw,raw,0.7654145508263949,0.6910186870177881,0.9904883409544502,0.6913494119992027
xgboost,cross_station_raw_raw,2,3141,120247,179753,raw,raw,0.7678626871442865,0.6916707000484006,0.9906728175653533,0.6904745306976049
xgboost,cross_station_raw_raw,2,42,120326,179674,raw,raw,0.7657427711618562,0.6898758727695888,0.9897426168342504,0.6912403462910873
xgboost,cross_station_raw_raw,2,4242,119937,180063,raw,raw,0.7607259822162455,0.6912525732244202,0.9894947159426482,0.6917021615381553
xgboost,cross_station_raw_raw,2,456,120063,179937,raw,raw,0.765250285704704,0.6913422919065239,0.9903811046621426,0.6912347030146254
xgboost,cross_station_raw_raw,2,5555,120274,179726,raw,raw,0.7587304310371249,0.690961842799367,0.9899106951669585,0.6926695569841033
xgboost,cross_station_raw_raw,2,6789,120169,179831,raw,raw,0.7673990873532879,0.6913362004520549,0.9906613903311993,0.6911716409740951
xgboost,cross_station_raw_raw,2,789,120341,179659,raw,raw,0.7631017306803769,0.6911520226587032,0.9904578228205516,0.6924058329263308
xgboost,prior_control,1,1011,126024,22625,same-station,other priors,0.9985375828031314,0.9995093608779858,0.9990707759021217,0.00030731407498463427
xgboost,prior_control,1,123,125693,22391,same-station,other priors,0.9974766835274269,0.9996604236867539,0.999321077919365,0.0
xgboost,prior_control,1,2026,125654,22392,same-station,other priors,0.9990165980764224,0.9995294117647059,0.9990592662276576,0.0
xgboost,prior_control,1,3141,125827,22487,same-station,other priors,0.9989364844355642,0.9994795190756259,0.9990115492664655,0.00030627871362940275
xgboost,prior_control,1,42,125771,22381,same-station,other priors,0.9981364439523746,0.9993736298152208,0.9987480438184664,0.0
xgboost,prior_control,1,4242,126044,22662,same-station,other priors,0.9979201722193243,0.9995869475423379,0.9991742361684558,0.0
xgboost,prior_control,1,456,125955,22467,same-station,other priors,0.9991378569403848,0.9996616785946649,0.9993755853886981,0.0003077870113881194
xgboost,prior_control,1,5555,125808,22577,same-station,other priors,0.9976752595706002,0.9996109454026715,0.9992221934145709,0.0
xgboost,prior_control,1,6789,125881,22582,same-station,other priors,0.9987082552963295,0.9993524154902215,0.9987573780677229,0.0003059975520195838
xgboost,prior_control,1,789,125761,22667,same-station,other priors,0.9985548728266979,0.9996124932186313,0.9992252866439417,0.0
xgboost,prior_control,2,1011,83975,9261,same-station,other priors,0.9983806462199306,0.9998776159588789,1.0,0.00019319938176197836
xgboost,prior_control,2,123,84306,9356,same-station,other priors,0.9989225540602911,0.9993938659231422,0.9997574581615328,0.0007643798968087139
xgboost,prior_control,2,2026,84345,9411,same-station,other priors,0.999804364278774,0.9997591522157996,1.0,0.00038022813688212925
xgboost,prior_control,2,3141,84172,9376,same-station,other priors,0.996702961227635,0.9998791832789659,1.0,0.00019091256204658267
xgboost,prior_control,2,42,84228,9247,same-station,other priors,0.9999317291005598,0.9998771347831429,1.0,0.00019312475859405175
xgboost,prior_control,2,4242,83955,9347,same-station,other priors,0.9994511386097147,1.0,1.0,0.0
xgboost,prior_control,2,456,84044,9325,same-station,other priors,0.9995630222183782,0.9997571046878795,1.0,0.0003839508542906508
xgboost,prior_control,2,5555,84191,9424,same-station,other priors,0.9927913658586031,0.9998799087306353,1.0,0.00019007793195210037
xgboost,prior_control,2,6789,84118,9335,same-station,other priors,0.990158206709766,1.0,1.0,0.0
xgboost,prior_control,2,789,84238,9426,same-station,other priors,0.9990764947997351,0.9997597886139803,1.0,0.00037993920972644377
lightgbm,cross_station,1,1011,93736,93736,matched,matched,0.9331191209866438,0.8863510641395173,0.7961062224604804,0.0011590843233845263
lightgbm,cross_station,1,123,93592,93592,matched,matched,0.9325832163456178,0.8860491128542917,0.7957977675640184,0.0021213163628024307
lightgbm,cross_station,1,2026,93783,93783,matched,matched,0.9053176489955526,0.8857674215074937,0.7964065573770491,0.007927907374664917
lightgbm,cross_station,1,3141,93713,93713,matched,matched,0.9330581477229184,0.8839458130961437,0.7923808274867222,0.0019475312177798143
lightgbm,cross_station,1,42,93503,93503,matched,matched,0.9324811206543243,0.8874371126503828,0.798226629415391,0.003185820203892493
lightgbm,cross_station,1,4242,93991,93991,matched,matched,0.9325349857438794,0.8877277774149305,0.7984647920419833,0.001897751452067399
lightgbm,cross_station,1,456,93710,93710,matched,matched,0.928075182080526,0.8859259043258927,0.7958793403801067,0.0036859989633127917
lightgbm,cross_station,1,5555,93846,93846,matched,matched,0.9334765163730325,0.886195649794602,0.7958143313938251,0.0009123047097730642
lightgbm,cross_station,1,6789,93910,93910,matched,matched,0.9343612066633441,0.887136284009217,0.7974777835859906,0.0017251293847038527
lightgbm,cross_station,1,789,94076,94076,matched,matched,0.931975218421566,0.88709618808823,0.7974650463870377,0.001994756639689958
lightgbm,cross_station,2,1011,93736,93736,matched,matched,0.7922690910087833,0.9233645770526149,0.9911612034361476,0.6900608519269776
lightgbm,cross_station,2,123,93592,93592,matched,matched,0.7959728123450533,0.9214403118679694,0.9901641497045305,0.694186446508428
lightgbm,cross_station,2,2026,93783,93783,matched,matched,0.7986664333361015,0.9221494038247965,0.9909508196721312,0.6883020589745052
lightgbm,cross_station,2,3141,93713,93713,matched,matched,0.7519674819577449,0.9217209915097102,0.9908727296570716,0.6952686447473937
lightgbm,cross_station,2,42,93503,93503,matched,matched,0.7946838141247841,0.9227762679776482,0.9909626306745891,0.6925393883225208
lightgbm,cross_station,2,4242,93991,93991,matched,matched,0.7897239305433861,0.9227543454479153,0.9910315657554633,0.691414112369889
lightgbm,cross_station,2,456,93710,93710,matched,matched,0.7975713897409418,0.9224914929687404,0.9906872568666745,0.6910672118873467
lightgbm,cross_station,2,5555,93846,93846,matched,matched,0.7735464961099705,0.9204361135163481,0.9890575038003879,0.6963735887786521
lightgbm,cross_station,2,6789,93910,93910,matched,matched,0.789838586633138,0.9227297609634451,0.9912833246210141,0.6921794134560092
lightgbm,cross_station,2,789,94076,94076,matched,matched,0.8023895657534506,0.9214622756238751,0.9900692538873644,0.6928074774877465
lr,cross_station,1,1011,93736,93736,matched,matched,0.9717915869377336,0.9682618564732113,0.9425870477634968,0.019414662416690813
lr,cross_station,1,123,93592,93592,matched,matched,0.9717904347108254,0.9662151200519143,0.9385292186474065,0.018174521270496503
lr,cross_station,1,2026,93783,93783,matched,matched,0.9694524070466968,0.9627522301924366,0.9320262295081967,0.018023156333770603
lr,cross_station,1,3141,93713,93713,matched,matched,0.973011899675821,0.9680821649908623,0.941275981902826,0.014606484133348608
lr,cross_station,1,42,93503,93503,matched,matched,0.9738937470390859,0.97303425052657,0.9513372420939414,0.017956441149212233
lr,cross_station,1,4242,93991,93991,matched,matched,0.9753680827624412,0.9725696788987759,0.9495574528080207,0.013744321122548737
lr,cross_station,1,456,93710,93710,matched,matched,0.9755736020477127,0.9724978545376529,0.9499390938740225,0.016126245464493462
lr,cross_station,1,5555,93846,93846,matched,matched,0.9746007337153907,0.9733533294947845,0.9525999895161713,0.020697913102976393
lr,cross_station,1,6789,93910,93910,matched,matched,0.9697657435077071,0.9661574475813776,0.9384997386304235,0.01868890166762507
lr,cross_station,1,789,94076,94076,matched,matched,0.9751844908071874,0.9728793381354629,0.950359336208023,0.014590219993160835
lr,cross_station,2,1011,93736,93736,matched,matched,0.8823984413269845,0.9264729948420178,0.9993070174291654,0.6999710228919154
lr,cross_station,2,123,93592,93592,matched,matched,0.8811610205377556,0.9250712579690415,0.999435325016415,0.7043916981997478
lr,cross_station,2,2026,93783,93783,matched,matched,0.8859424084609534,0.9254287709073248,0.9995540983606558,0.6986254491530257
lr,cross_station,2,3141,93713,93713,matched,matched,0.8825349757545559,0.9250611491797209,0.9993705330797981,0.7044907778668805
lr,cross_station,2,42,93503,93503,matched,matched,0.8832007782286169,0.9255616611554173,0.9986096354883983,0.7031974050046339
lr,cross_station,2,4242,93991,93991,matched,matched,0.8813347779078797,0.9258654474199869,0.9992558941019817,0.701650468687101
lr,cross_station,2,456,93710,93710,matched,matched,0.8850029290558036,0.9255896383874923,0.9987425832056269,0.7005701779646375
lr,cross_station,2,5555,93846,93846,matched,matched,0.88225878102527,0.9246702846921141,0.9991875032761964,0.7048124073440529
lr,cross_station,2,6789,93910,93910,matched,matched,0.8840835654044031,0.9262818765934512,0.9994511238891793,0.6975848188614147
lr,cross_station,2,789,94076,94076,matched,matched,0.8848512601714232,0.9246933294621471,0.9987847902783222,0.7042630799042516
mlp,cross_station,1,1011,93736,93736,matched,matched,0.9663449396508736,0.959486911208191,0.923261986637204,0.0054476963199072736
mlp,cross_station,1,123,93592,93592,matched,matched,0.9620983829193768,0.9411936317412687,0.8896782665791202,0.003726636853571838
mlp,cross_station,1,2026,93783,93783,matched,matched,0.9662428063868368,0.9559082168250905,0.9159606557377049,0.0019962356698796555
mlp,cross_station,1,3141,93713,93713,matched,matched,0.9695891564751928,0.956148269730543,0.916713658120779,0.0034941001260167257
mlp,cross_station,1,42,93503,93503,matched,matched,0.9660060602176688,0.9540610875222573,0.9136531171710017,0.00724050046339203
mlp,cross_station,1,4242,93991,93991,matched,matched,0.9667402968509486,0.9499647349644268,0.9055246599305501,0.00402553338317327
mlp,cross_station,1,456,93710,93710,matched,matched,0.9575724444462597,0.9557389039653841,0.9156613881357486,0.0020733744168634455
mlp,cross_station,1,5555,93846,93846,matched,matched,0.9633901950004125,0.9438474198857586,0.8943099019762017,0.003136047439844908
mlp,cross_station,1,6789,93910,93910,matched,matched,0.9669525880328435,0.9506744265662445,0.9072530057501307,0.006152961472110408
mlp,cross_station,1,789,94076,94076,matched,matched,0.9715809109912082,0.9605477444221269,0.924826865281589,0.003476575857745355
mlp,cross_station,2,1011,93736,93736,matched,matched,0.8895118683966474,0.9272640130074198,0.9992024162863979,0.6912778904665314
mlp,cross_station,2,123,93592,93592,matched,matched,0.8601302034268352,0.9260401272297129,0.9997767564018385,0.6962504299965601
mlp,cross_station,2,2026,93783,93783,matched,matched,0.8777996467083029,0.9264223394172114,0.999855737704918,0.69007015342497
mlp,cross_station,2,3141,93713,93713,matched,matched,0.8884737264087493,0.9257921354112911,0.9998688610582913,0.6995646694924963
mlp,cross_station,2,42,93503,93503,matched,matched,0.8870023396200694,0.926966907069798,0.9997245504269469,0.6944508804448564
mlp,cross_station,2,4242,93991,93991,matched,matched,0.8705420402020465,0.9267802560300215,0.9994386569541265,0.6931968485824371
mlp,cross_station,2,456,93710,93710,matched,matched,0.8670925372758899,0.9267318317042074,0.9996594496181906,0.6935437424408224
mlp,cross_station,2,5555,93846,93846,matched,matched,0.8709856738171262,0.9258153394263797,0.9995937516380983,0.6952332078914357
mlp,cross_station,2,6789,93910,93910,matched,matched,0.8796736978813557,0.9271287200712653,0.9996863565081024,0.6901092581943645
mlp,cross_station,2,789,94076,94076,matched,matched,0.8874501861570626,0.925493803253292,0.9991898601855481,0.6981648238914853
rf,cross_station,1,1011,93736,93736,matched,matched,0.9271229355354431,0.858395859126777,0.7524221702122096,0.002955665024630542
rf,cross_station,1,123,93592,93592,matched,matched,0.8996919152481,0.790319891384608,0.6535784635587656,0.0016626533654397432
rf,cross_station,1,2026,93783,93783,matched,matched,0.9276848794778974,0.8604571257842845,0.7553967213114754,0.0017680944504648377
rf,cross_station,1,3141,93713,93713,matched,matched,0.9271701206519682,0.8577096996376486,0.7512031997901777,0.0019475312177798143
rf,cross_station,1,42,93503,93503,matched,matched,0.9224179383120349,0.8484912524340725,0.737286690538963,0.0026065801668211305
rf,cross_station,1,4242,93991,93991,matched,matched,0.904339276186757,0.798617099672306,0.6649304195712906,0.0012076600149519812
rf,cross_station,1,456,93710,93710,matched,matched,0.9038858599098091,0.8019824496741662,0.6697578162861672,0.00218856188446697
rf,cross_station,1,5555,93846,93846,matched,matched,0.9220821096644772,0.8438295165394402,0.7301069350526812,0.001539514197742046
rf,cross_station,1,6789,93910,93910,matched,matched,0.9049106970826786,0.804825896271324,0.6738891792995295,0.0032202415181138587
rf,cross_station,1,789,94076,94076,matched,matched,0.9509459531379326,0.9145935982418205,0.8428590095387429,0.0011968539838139746
rf,cross_station,2,1011,93736,93736,matched,matched,0.8921454514110683,0.9272836501993434,0.9989932140008629,0.6900028977108085
rf,cross_station,2,123,93592,93592,matched,matched,0.8913264241437321,0.9258704832840434,0.9990282337491793,0.694186446508428
rf,cross_station,2,2026,93783,93783,matched,matched,0.8932559783116447,0.9254690123366669,0.9976131147540983,0.6884161295842126
rf,cross_station,2,3141,93713,93713,matched,matched,0.8918144601709859,0.9261280754643586,0.9991082551963806,0.6922900675907894
rf,cross_station,2,42,93503,93503,matched,matched,0.8921569294403162,0.9268108667214262,0.9990031348784743,0.6923656163113995
rf,cross_station,2,4242,93991,93991,matched,matched,0.88904498204949,0.9267666523368674,0.9990731312498368,0.6914716199896487
rf,cross_station,2,456,93710,93710,matched,matched,0.892120943207039,0.9244526147272052,0.9946035862574822,0.6910672118873467
rf,cross_station,2,5555,93846,93846,matched,matched,0.882512509793666,0.9070491438736936,0.9621795879855323,0.6934656175162505
rf,cross_station,2,6789,93910,93910,matched,matched,0.8923765481496874,0.9254818637122477,0.996144798745426,0.6889016676250719
rf,cross_station,2,789,94076,94076,matched,matched,0.8932829929242119,0.9260270654839393,0.999202926956749,0.6928074774877465
xgboost,cross_station,1,1011,93736,93736,matched,matched,0.9338886494582508,0.8853375657985745,0.79498176017573,0.003998840915676615
xgboost,cross_station,1,123,93592,93592,matched,matched,0.9342551818209758,0.8879030433926056,0.7990019697964543,0.0032679738562091504
xgboost,cross_station,1,2026,93783,93783,matched,matched,0.9350991662469199,0.8869314121541805,0.7975868852459016,0.00410654194946672
xgboost,cross_station,1,3141,93713,93713,matched,matched,0.9339227524448567,0.8850254678856174,0.7940856337289358,0.001775690227975713
xgboost,cross_station,1,42,93503,93503,matched,matched,0.9346363774494358,0.8880129400792726,0.7993153110612679,0.004054680259499536
xgboost,cross_station,1,4242,93991,93991,matched,matched,0.9342148209227372,0.8851879595354283,0.7944701182736743,0.0024728276496635802
xgboost,cross_station,1,456,93710,93710,matched,matched,0.9336446163960963,0.8850049623445618,0.7942289808374919,0.002764499222484594
xgboost,cross_station,1,5555,93846,93846,matched,matched,0.9350348540346245,0.8868295954970982,0.796993762121927,0.001767590375185312
xgboost,cross_station,1,6789,93910,93910,matched,matched,0.934628791051307,0.887786381532114,0.7986016727652901,0.002127659574468085
xgboost,cross_station,1,789,94076,94076,matched,matched,0.9337792225754065,0.8876315540996942,0.7984450542271004,0.0026216801550210875
xgboost,cross_station,2,1011,93736,93736,matched,matched,0.7951758232605589,0.9228950751552152,0.9902590185797779,0.6902347145754854
xgboost,cross_station,2,123,93592,93592,matched,matched,0.7981289817274776,0.9217133153335858,0.990741956664478,0.6943584451324389
xgboost,cross_station,2,2026,93783,93783,matched,matched,0.797287213082832,0.9214847017590992,0.9896262295081967,0.6883020589745052
xgboost,cross_station,2,3141,93713,93713,matched,matched,0.7974737395645272,0.9217183275661095,0.9902957183135532,0.692347347920724
xgboost,cross_station,2,42,93503,93503,matched,matched,0.7997118385374589,0.9219862490450725,0.9893886331142854,0.6925393883225208
xgboost,cross_station,2,4242,93991,93991,matched,matched,0.7950659375307642,0.9220336921486347,0.9895955719171823,0.691414112369889
xgboost,cross_station,2,456,93710,93710,matched,matched,0.799481377129563,0.9219289575478029,0.9896001152632061,0.691239993088752
xgboost,cross_station,2,5555,93846,93846,matched,matched,0.7970710144327434,0.921243232697654,0.9901058866698118,0.6935226365606112
xgboost,cross_station,2,6789,93910,93910,matched,matched,0.8029711049628615,0.9226714709158302,0.9905514898065865,0.6890166762507188
xgboost,cross_station,2,789,94076,94076,matched,matched,0.7978743458551949,0.9213986013986014,0.9899647197177578,0.692921463581443
ftt,cross_station,1,1011,93736,93736,matched,matched,0.9434613898173887,0.9014177382129904,0.8221911324381219,0.008982903506230079
ftt,cross_station,1,123,93592,93592,matched,matched,0.9439208156220151,0.9000425473609819,0.8194878529218648,0.006593280587088636
ftt,cross_station,1,42,93503,93503,matched,matched,0.9538214179411693,0.9241924480796686,0.8618292474979997,0.014191380908248378
ftt,cross_station,1,456,93710,93710,matched,matched,0.939642996144443,0.8979894149456366,0.8178317419152029,0.016011057996889937
ftt,cross_station,1,789,94076,94076,matched,matched,0.9506379500566102,0.9148847257144881,0.8439043512348099,0.0040465063262282
ftt,cross_station,2,1011,93736,93736,matched,matched,0.8857611201346194,0.9272604825841367,0.9991501157150142,0.6910460736018545
ftt,cross_station,2,123,93592,93592,matched,matched,0.8111348188169486,0.9218036111314716,0.9908995403808273,0.6942437793830982
ftt,cross_station,2,42,93503,93503,matched,matched,0.8819853872988123,0.9270728177185322,0.9997901336586261,0.6936978683966636
ftt,cross_station,2,456,93710,93710,matched,matched,0.8775155016703301,0.9265982060982941,0.999266506869949,0.6929102113690031
ftt,cross_station,2,789,94076,94076,matched,matched,0.888969467942403,0.9260994865833575,0.999359728211159,0.6928644705345948
stability_lgbm,cross_station,1,123,93592,93592,matched,matched,0.9325832163456178,0.8860491128542917,0.7957977675640184,0.0021213163628024307
stability_lgbm,cross_station,1,42,93503,93503,matched,matched,0.9324810185125213,0.8874516952242071,0.798239746061727,0.003127896200185357
stability_lgbm,cross_station,1,456,93710,93710,matched,matched,0.928075182080526,0.8859259043258927,0.7958793403801067,0.0036859989633127917
stability_lgbm,cross_station,2,123,93592,93592,matched,matched,0.7983906030524577,0.9214205406462336,0.9901247537754432,0.694186446508428
stability_lgbm,cross_station,2,42,93503,93503,matched,matched,0.7947277599216951,0.9227828466038865,0.990975747320925,0.6925393883225208
tabnet,cross_station,1,1011,93736,93736,matched,matched,0.9655614760874405,0.950017140898183,0.9058458963664178,0.005157925239061141
tabnet,cross_station,1,123,93592,93592,matched,matched,0.9678399723057066,0.9636781858770365,0.9325279054497702,0.012326568054122234
tabnet,cross_station,1,42,93503,93503,matched,matched,0.9486568891643993,0.9242213120522457,0.8613045816445651,0.01123725671918443
tabnet,cross_station,1,456,93710,93710,matched,matched,0.9603622865590579,0.9537556034630257,0.9126619251575045,0.005125842308356851
tabnet,cross_station,1,789,94076,94076,matched,matched,0.9620179126311511,0.9456225761201419,0.8984711877695022,0.007865040465063262
tabnet,cross_station,2,1011,93736,93736,matched,matched,0.8382829552702544,0.9264639790105311,0.9972803702880454,0.6896551724137931
tabnet,cross_station,2,123,93592,93592,matched,matched,0.8657918462557627,0.9264216700541386,0.9966119500984898,0.6763559224859534
tabnet,cross_station,2,42,93503,93503,matched,matched,0.887444124487032,0.9249238269347958,0.9954222904287832,0.6934082483781279
tabnet,cross_station,2,456,93710,93710,matched,matched,0.8641245745465873,0.9241491815951742,0.994289232058889,0.6925646489661925
tabnet,cross_station,2,789,94076,94076,matched,matched,0.8730520729509782,0.9247519110577652,0.9966549065725859,0.6928644705345948
