model,features,n_features,split,train_bs,seed,batch_size,p50_us,p95_us,p99_us,tail_ratio,throughput_p50,n_repeats,param_count,size_mb,n_trees,peak_rss_mb,fit_seconds
lightgbm,full,89,cross_station,1,1011,1,220.39993200451136,246.53501459397373,304.63099014013994,1.3821737029115984,4537.206481440889,500,188667.0,6.901556968688965,1035.0,1501.37109375,6.369170904159546
lightgbm,full,89,cross_station,1,1011,16,22.443746274802834,30.89186975557819,123.32356265687847,5.494785101689172,44555.84142486413,500,188667.0,6.901556968688965,1035.0,1501.37109375,6.369170904159546
lightgbm,full,89,cross_station,1,1011,64,8.171874469553586,20.81374968838638,39.438656385755166,4.826145645371083,122370.94484573355,500,188667.0,6.901556968688965,1035.0,1501.37109375,6.369170904159546
lightgbm,full,89,cross_station,1,1011,256,4.402539161674213,5.417148304331931,6.242750228011572,1.417988574038614,227141.6478711609,500,188667.0,6.901556968688965,1035.0,1501.37109375,6.369170904159546
lightgbm,full,89,cross_station,1,1011,1024,3.7827147707503173,5.126289102008741,5.215363316892763,1.3787355465498852,264360.40267494076,429,188667.0,6.901556968688965,1035.0,1501.37109375,6.369170904159546
lightgbm,full,89,cross_station,1,1011,4096,3.6444091904286324,4.679228521808909,5.488522452878898,1.5060115826986409,274392.8982031752,109,188667.0,6.901556968688965,1035.0,1501.37109375,6.369170904159546
lightgbm,full,89,cross_station,1,123,1,173.2000382617116,190.10994001291692,204.55904304981226,1.1810565696337554,5773.67077996232,500,174921.0,6.3848161697387695,954.0,1475.6015625,5.741986274719238
lightgbm,full,89,cross_station,1,123,16,18.462502339389175,20.928436788381074,22.51930935017299,1.2197322408527875,54163.83876992292,500,174921.0,6.3848161697387695,954.0,1475.6015625,5.741986274719238
lightgbm,full,89,cross_station,1,123,64,6.377343197527807,7.6518750574905425,8.642187822260894,1.355139209947343,156805.10974972343,500,174921.0,6.3848161697387695,954.0,1475.6015625,5.741986274719238
lightgbm,full,89,cross_station,1,123,256,3.4640625017345883,3.9433984511560993,4.287749907234684,1.2377807574452377,288678.3940818798,500,174921.0,6.3848161697387695,954.0,1475.6015625,5.741986274719238
lightgbm,full,89,cross_station,1,123,1024,3.256054696976207,4.066909224320625,4.262611383865078,1.3091338385143307,307120.1478674998,500,174921.0,6.3848161697387695,954.0,1475.6015625,5.741986274719238
lightgbm,full,89,cross_station,1,123,4096,3.515673824949772,5.032768552837297,5.62062988706202,1.598734742447935,284440.4941389257,153,174921.0,6.3848161697387695,954.0,1475.6015625,5.741986274719238
lightgbm,full,89,cross_station,1,42,1,152.19999477267265,189.78504231199614,313.2150496821842,2.0579176112982474,6570.302459560589,500,162648.0,5.918050765991211,882.0,1485.90234375,5.201442003250122
lightgbm,full,89,cross_station,1,42,16,16.478126781294122,21.48155872419011,47.08768887212492,2.857587485343213,60686.50965443441,500,162648.0,5.918050765991211,882.0,1485.90234375,5.201442003250122
lightgbm,full,89,cross_station,1,42,64,6.159374606795609,7.563751114503247,8.293358841910957,1.3464611866212737,162354.14532129685,500,162648.0,5.918050765991211,882.0,1485.90234375,5.201442003250122
lightgbm,full,89,cross_station,1,42,256,3.0111327760096174,4.126289104533498,6.430367147913743,2.1355309201726165,332100.9315720743,500,162648.0,5.918050765991211,882.0,1485.90234375,5.201442003250122
lightgbm,full,89,cross_station,1,42,1024,2.6581054726193543,3.72966306372291,3.9268613295462274,1.4773158439332408,376207.795477197,500,162648.0,5.918050765991211,882.0,1485.90234375,5.201442003250122
lightgbm,full,89,cross_station,1,42,4096,2.479638652630456,3.5465014605051692,3.6009492259836406,1.4522072488923632,403284.56686186016,195,162648.0,5.918050765991211,882.0,1485.90234375,5.201442003250122
lightgbm,full,89,cross_station,1,456,1,156.34996816515923,177.2999530658125,250.93204574659455,1.6049382592871666,6395.907922051233,500,158220.0,5.74613094329834,855.0,1485.5390625,5.392152309417725
lightgbm,full,89,cross_station,1,456,16,16.550002328585833,18.30125074775424,20.59556638414505,1.2444449236464188,60422.95222356311,500,158220.0,5.74613094329834,855.0,1485.5390625,5.392152309417725
lightgbm,full,89,cross_station,1,456,64,6.028906682331581,6.778280203434406,9.91509437881174,1.6445924445752476,165867.55322165086,500,158220.0,5.74613094329834,855.0,1485.5390625,5.392152309417725
lightgbm,full,89,cross_station,1,456,256,3.0123048873065272,3.7329689348553052,4.059628895447531,1.3476819403488323,331971.70851259906,500,158220.0,5.74613094329834,855.0,1485.5390625,5.392152309417725
lightgbm,full,89,cross_station,1,456,1024,2.580517559636064,3.289379804982673,3.339849574786058,1.294255705532608,387519.16113333177,500,158220.0,5.74613094329834,855.0,1485.5390625,5.392152309417725
lightgbm,full,89,cross_station,1,456,4096,2.4633789053041255,3.0201416223007977,3.182850594498632,1.2920670009982411,405946.48182088794,179,158220.0,5.74613094329834,855.0,1485.5390625,5.392152309417725
lightgbm,full,89,cross_station,1,789,1,150.6999833509326,175.8049475029111,237.21005767583827,1.5740549693588954,6635.700799457398,500,165885.0,6.035425186157227,900.0,1485.65625,5.568372488021851
lightgbm,full,89,cross_station,1,789,16,17.534373910166323,19.82624817173928,21.40775293810293,1.220902043482194,57030.8358384103,500,165885.0,6.035425186157227,900.0,1485.65625,5.568372488021851
lightgbm,full,89,cross_station,1,789,64,5.812500603497028,7.020469365670577,7.70340668168501,1.3253171409651705,172042.99288990366,500,165885.0,6.035425186157227,900.0,1485.65625,5.568372488021851
lightgbm,full,89,cross_station,1,789,256,3.209960823369329,4.090800985068198,4.480082038753608,1.395681220199784,311530.2818401229,500,165885.0,6.035425186157227,900.0,1485.65625,5.568372488021851
lightgbm,full,89,cross_station,1,789,1024,2.816894550505822,3.7773144526909164,3.841828048507523,1.363852277614601,355000.8642746079,500,165885.0,6.035425186157227,900.0,1485.65625,5.568372488021851
lightgbm,full,89,cross_station,1,789,4096,2.672558593985741,3.3536865188921183,3.67142088947503,1.3737475757265354,374173.27434854937,170,165885.0,6.035425186157227,900.0,1485.65625,5.568372488021851
lightgbm,top20,20,cross_station,1,1011,1,213.44999549910426,234.73003529943523,257.2609786875544,1.2052517409804022,4684.938023361057,500,196266.0,7.138670921325684,1080.0,1396.40234375,4.687539577484131
lightgbm,top20,20,cross_station,1,1011,16,22.40937465103343,24.822499835863706,28.27580952725839,1.2617848542219103,44624.181422835194,500,196266.0,7.138670921325684,1080.0,1396.40234375,4.687539577484131
lightgbm,top20,20,cross_station,1,1011,64,7.5179686973569915,8.644062836538069,9.172266345558455,1.2200458281747097,133014.6533267103,500,196266.0,7.138670921325684,1080.0,1396.40234375,4.687539577484131
lightgbm,top20,20,cross_station,1,1011,256,4.268749989932985,5.333886429070844,5.538347536457877,1.2974167026691632,234260.6154865722,500,196266.0,7.138670921325684,1080.0,1396.40234375,4.687539577484131
lightgbm,top20,20,cross_station,1,1011,1024,4.070410227541288,5.148613263372681,5.4411015389632675,1.3367452504289572,245675.48332936587,445,196266.0,7.138670921325684,1080.0,1396.40234375,4.687539577484131
lightgbm,top20,20,cross_station,1,1011,4096,3.905346687815836,5.003063982655931,5.020357666296604,1.2855088338147942,256059.21316022146,106,196266.0,7.138670921325684,1080.0,1396.40234375,4.687539577484131
lightgbm,top20,20,cross_station,1,123,1,231.40001576393843,262.02501612715423,279.30091600865126,1.2070047406287936,4321.520881053634,500,233049.0,8.55345344543457,1377.0,1371.54296875,5.50913667678833
lightgbm,top20,20,cross_station,1,123,16,28.29062577802688,31.768438930157565,40.729066968196996,1.4396665272717637,35347.39768028365,500,233049.0,8.55345344543457,1377.0,1371.54296875,5.50913667678833
lightgbm,top20,20,cross_station,1,123,64,9.904687431117054,12.37742153534782,25.391766030224957,2.563611038391069,100962.29759440472,500,233049.0,8.55345344543457,1377.0,1371.54296875,5.50913667678833
lightgbm,top20,20,cross_station,1,123,256,5.936718935117824,7.448066230608668,13.248437721813369,2.2316093900696736,168443.21096029002,500,233049.0,8.55345344543457,1377.0,1371.54296875,5.50913667678833
lightgbm,top20,20,cross_station,1,123,1024,5.9232421563137905,6.294819405638918,6.716786153901921,1.1339712233007837,168826.4591603882,332,233049.0,8.55345344543457,1377.0,1371.54296875,5.50913667678833
lightgbm,top20,20,cross_station,1,123,4096,5.739672857885125,6.081477033603733,6.5850578596382565,1.1472880114746866,174225.95760422244,84,233049.0,8.55345344543457,1377.0,1371.54296875,5.50913667678833
lightgbm,top20,20,cross_station,1,42,1,155.6000206619501,180.91998063027856,243.11398854479194,1.5624290248198032,6426.734365110123,500,165699.0,5.997481346130371,900.0,1371.65625,5.43575644493103
lightgbm,top20,20,cross_station,1,42,16,16.699996194802225,18.848122999770563,21.64187237212899,1.2959207966086181,59880.25316504228,500,165699.0,5.997481346130371,900.0,1371.65625,5.43575644493103
lightgbm,top20,20,cross_station,1,42,64,6.125781510490924,10.408983507659263,43.11804597818991,7.038782872739842,163244.477180163,500,165699.0,5.997481346130371,900.0,1371.65625,5.43575644493103
lightgbm,top20,20,cross_station,1,42,256,3.327929562146892,4.084433339812676,5.214621237428219,1.5669265650154556,300487.12910704955,500,165699.0,5.997481346130371,900.0,1371.65625,5.43575644493103
lightgbm,top20,20,cross_station,1,42,1024,3.0283203500403033,3.87168948350336,3.9666250768277678,1.3098432854948707,330216.0552422042,500,165699.0,5.997481346130371,900.0,1371.65625,5.43575644493103
lightgbm,top20,20,cross_station,1,42,4096,2.8942504997075957,3.6827722155408082,3.7688779303834967,1.3021947930091966,345512.5947463875,174,165699.0,5.997481346130371,900.0,1371.65625,5.43575644493103
lightgbm,top20,20,cross_station,1,456,1,170.55001808330417,191.92005856893954,256.5239719115195,1.5040981806652278,5863.382550399706,500,170772.0,6.18209171295166,927.0,1341.7578125,4.756936550140381
lightgbm,top20,20,cross_station,1,456,16,17.73437179508619,19.35343243530951,23.663630490773357,1.334337114626752,56387.67538848364,500,170772.0,6.18209171295166,927.0,1341.7578125,4.756936550140381
lightgbm,top20,20,cross_station,1,456,64,7.32031276129419,9.786249847820722,11.598983564908849,1.584492895745921,136606.1850919066,500,170772.0,6.18209171295166,927.0,1341.7578125,4.756936550140381
lightgbm,top20,20,cross_station,1,456,256,3.712499847097206,5.593906098511069,6.230769672583846,1.6783218664522421,269360.28045412514,500,170772.0,6.18209171295166,927.0,1341.7578125,4.756936550140381
lightgbm,top20,20,cross_station,1,456,1024,3.073388654684095,3.782451096867589,4.855714855693803,1.5799221645115717,325373.7526739153,500,170772.0,6.18209171295166,927.0,1341.7578125,4.756936550140381
lightgbm,top20,20,cross_station,1,456,4096,2.925341789250524,3.556518549885368,3.648940423772729,1.2473552448404983,341840.39747922966,221,170772.0,6.18209171295166,927.0,1341.7578125,4.756936550140381
lightgbm,top20,20,cross_station,1,789,1,143.55004532262683,167.99999866634607,226.14897461608038,1.5754016246237579,6966.211663343702,500,168876.0,6.1135149002075195,918.0,1371.109375,4.408246755599976
lightgbm,top20,20,cross_station,1,789,16,17.049998859874904,18.75656671472825,24.144564449670725,1.4161035814783551,58651.03031492737,500,168876.0,6.1135149002075195,918.0,1371.109375,4.408246755599976
lightgbm,top20,20,cross_station,1,789,64,5.926562153035775,6.522500461869639,7.178843843576032,1.2112998494243072,168731.88438389497,500,168876.0,6.1135149002075195,918.0,1371.109375,4.408246755599976
lightgbm,top20,20,cross_station,1,789,256,3.0833982691547135,4.009453095932248,11.727992309715768,3.803593076845987,324317.49411150225,500,168876.0,6.1135149002075195,918.0,1371.109375,4.408246755599976
lightgbm,top20,20,cross_station,1,789,1024,2.737695353971503,3.5851806728715014,3.664592711629666,1.3385684810815555,365270.737136375,500,168876.0,6.1135149002075195,918.0,1371.109375,4.408246755599976
lightgbm,top20,20,cross_station,1,789,4096,2.6242309587587442,3.4959118778488114,3.5870097778456507,1.3668803677029626,381064.0205513763,212,168876.0,6.1135149002075195,918.0,1371.109375,4.408246755599976
lr,full,89,cross_station,1,1011,1,126.60003267228603,147.03496126458046,155.8999076951295,1.2314365518268742,7898.892116312302,500,988.0,0.009347915649414062,,1527.421875,7.367423057556152
lr,full,89,cross_station,1,1011,16,8.756247552810237,10.056246901513077,10.312686063116416,1.1777517710547887,114204.1718177622,500,988.0,0.009347915649414062,,1527.421875,7.367423057556152
lr,full,89,cross_station,1,1011,64,2.5312510842923075,2.884453260776354,3.146781509713031,1.2431724095805434,395061.55916554685,500,988.0,0.009347915649414062,,1527.421875,7.367423057556152
lr,full,89,cross_station,1,1011,256,0.9656250767875463,1.0703319958338398,1.1218792587897042,1.1618166157428162,1035598.6231496935,500,988.0,0.009347915649414062,,1527.421875,7.367423057556152
lr,full,89,cross_station,1,1011,1024,0.7430175514855364,0.8182031024261958,0.8684355634613891,1.168795490396022,1345863.22759223,500,988.0,0.009347915649414062,,1527.421875,7.367423057556152
lr,full,89,cross_station,1,1011,4096,1.010485846109077,1.0661425676516956,1.1205639671629797,1.1089358366351825,989622.9658738385,488,988.0,0.009347915649414062,,1527.421875,7.367423057556152
lr,full,89,cross_station,1,123,1,127.84998398274183,149.204971967265,161.10894735902548,1.260140536120624,7821.666994772464,500,988.0,0.009347915649414062,,1546.92578125,5.69812536239624
lr,full,89,cross_station,1,123,16,8.931252523325384,10.656244194251485,11.481680412543938,1.2855621742367833,111966.37844337524,500,988.0,0.009347915649414062,,1546.92578125,5.69812536239624
lr,full,89,cross_station,1,123,64,2.5382814783370122,2.901875177485635,2.981405305035878,1.174576314912554,393967.33913654165,500,988.0,0.009347915649414062,,1546.92578125,5.69812536239624
lr,full,89,cross_station,1,123,256,0.9679688446340151,1.0703124644351192,1.1105588600912597,1.1473084761433177,1033091.1015819892,500,988.0,0.009347915649414062,,1546.92578125,5.69812536239624
lr,full,89,cross_station,1,123,1024,0.7465332032552396,0.7962548068007885,0.8747489755478453,1.1717482514287696,1339525.1485660982,500,988.0,0.009347915649414062,,1546.92578125,5.69812536239624
lr,full,89,cross_station,1,123,4096,1.0136596841903156,1.0612487884031907,1.0987487897295978,1.0839424778023494,986524.3884082984,486,988.0,0.009347915649414062,,1546.92578125,5.69812536239624
lr,full,89,cross_station,1,42,1,126.90003495663404,148.10507418587804,155.4689032491296,1.2251289237411045,7880.218475445915,500,988.0,0.009347915649414062,,1532.7578125,6.083286285400391
lr,full,89,cross_station,1,42,16,8.837494533509016,10.108441347256301,11.0878096165834,1.254632698729475,113154.2425523787,500,988.0,0.009347915649414062,,1532.7578125,6.083286285400391
lr,full,89,cross_station,1,42,64,2.5421886675758287,2.91257847493398,3.183781773259391,1.252378241578494,393361.83531711536,500,988.0,0.009347915649414062,,1532.7578125,6.083286285400391
lr,full,89,cross_station,1,42,256,0.9703123851068085,1.0785351832964807,1.2511445038398954,1.289424440049968,1030595.935235768,500,988.0,0.009347915649414062,,1532.7578125,6.083286285400391
lr,full,89,cross_station,1,42,1024,0.7612304671056336,0.8644726449347216,0.9782568940863712,1.285099501870859,1313662.6070711818,500,988.0,0.009347915649414062,,1532.7578125,6.083286285400391
lr,full,89,cross_station,1,42,4096,1.002441393893605,1.0451171874592546,1.0744824237463033,1.071865577670214,997564.5519942844,481,988.0,0.009347915649414062,,1532.7578125,6.083286285400391
lr,full,89,cross_station,1,456,1,128.34998778998852,148.60008377581835,157.22791664302346,1.2249936236868693,7791.19668975926,500,988.0,0.009347915649414062,,1538.84375,6.590831518173218
lr,full,89,cross_station,1,456,16,8.881248504621908,10.194060087087564,10.791307358886112,1.2150664800416502,112596.78180152127,500,988.0,0.009347915649414062,,1538.84375,6.590831518173218
lr,full,89,cross_station,1,456,64,2.5656245270511135,2.958125605800887,3.2531729993934277,1.2679848376459713,389768.64675883943,500,988.0,0.009347915649414062,,1538.84375,6.590831518173218
lr,full,89,cross_station,1,456,256,0.9757814041222446,1.0863477427847101,1.310566376560018,1.3430942330151558,1024819.6940169617,500,988.0,0.009347915649414062,,1538.84375,6.590831518173218
lr,full,89,cross_station,1,456,1024,0.7367675607383717,0.7728565265097131,0.8565146890759933,1.1625304026925585,1357280.1698785743,500,988.0,0.009347915649414062,,1538.84375,6.590831518173218
lr,full,89,cross_station,1,456,4096,1.0088012771802823,1.0653698566898129,1.3033229976144867,1.291952168476062,991275.5094790492,482,988.0,0.009347915649414062,,1538.84375,6.590831518173218
lr,full,89,cross_station,1,789,1,128.30004561692476,147.40506885573268,155.7090214919299,1.213631848244561,7794.229496891812,500,988.0,0.009347915649414062,,1543.2734375,7.4348368644714355
lr,full,89,cross_station,1,789,16,8.831251761876047,10.088129056384787,10.41968680510763,1.1798652202498356,113234.23077087854,500,988.0,0.009347915649414062,,1543.2734375,7.4348368644714355
lr,full,89,cross_station,1,789,64,2.525001036701724,2.9015627660555765,3.0847342168272003,1.2216764159656055,396039.4413565261,500,988.0,0.009347915649414062,,1543.2734375,7.4348368644714355
lr,full,89,cross_station,1,789,256,0.9707032404548954,1.0676171541490476,1.1383398714315263,1.1726960660995345,1030180.9639899578,500,988.0,0.009347915649414062,,1543.2734375,7.4348368644714355
lr,full,89,cross_station,1,789,1024,0.7319335963984486,0.7928710999749453,0.8522704047209118,1.1644094613426577,1366244.1578315282,500,988.0,0.009347915649414062,,1543.2734375,7.4348368644714355
lr,full,89,cross_station,1,789,4096,0.996044917656036,1.0528710959079035,1.091566417130707,1.0959007950158102,1003970.7871340496,499,988.0,0.009347915649414062,,1543.2734375,7.4348368644714355
lr,top20,20,cross_station,1,1011,1,125.90002734214067,145.69995109923184,150.21797968074677,1.193152875753717,7942.810030393732,500,229.0,0.0030384063720703125,,1425.65625,3.4015798568725586
lr,top20,20,cross_station,1,1011,16,8.337498002219945,9.562812556396239,9.87643994449172,1.184580786929366,119940.0587243007,500,229.0,0.0030384063720703125,,1425.65625,3.4015798568725586
lr,top20,20,cross_station,1,1011,64,2.2875001377542503,2.6422657356306445,2.756811682047555,1.2051635042759168,437158.44361948257,500,229.0,0.0030384063720703125,,1425.65625,3.4015798568725586
lr,top20,20,cross_station,1,1011,256,0.7429684956150595,0.825859297037823,0.8718787239558878,1.1735069913484166,1345952.0907036029,500,229.0,0.0030384063720703125,,1425.65625,3.4015798568725586
lr,top20,20,cross_station,1,1011,1024,0.35039062140640453,0.3755029467811255,0.448369144123717,1.279626555996403,2853957.6658364343,500,229.0,0.0030384063720703125,,1425.65625,3.4015798568725586
lr,top20,20,cross_station,1,1011,4096,0.2994018473145843,0.32358763775164334,0.35136255235101993,1.1735483782163842,3339992.7521131514,500,229.0,0.0030384063720703125,,1425.65625,3.4015798568725586
lr,top20,20,cross_station,1,123,1,125.29996456578374,143.6199294403195,148.89997080899775,1.188348067974303,7980.848226616936,500,229.0,0.0030384063720703125,,1364.68359375,2.849703550338745
lr,top20,20,cross_station,1,123,16,8.37500556372106,9.637813127483241,10.056996543426067,1.2008346104259409,119402.90575230311,500,229.0,0.0030384063720703125,,1364.68359375,2.849703550338745
lr,top20,20,cross_station,1,123,64,2.287501047248952,2.625156230351422,2.913422231358708,1.273626621881776,437158.26980828855,500,229.0,0.0030384063720703125,,1364.68359375,2.849703550338745
lr,top20,20,cross_station,1,123,256,0.7513672244385816,0.8390820539716515,0.8645158413855824,1.1505903016085708,1330907.1349860858,500,229.0,0.0030384063720703125,,1364.68359375,2.849703550338745
lr,top20,20,cross_station,1,123,1024,0.3524902467688662,0.37295409924809064,0.3814452611550223,1.082144157608827,2836957.9276776896,500,229.0,0.0030384063720703125,,1364.68359375,2.849703550338745
lr,top20,20,cross_station,1,123,4096,0.29602051654364914,0.3081372213387112,0.3274174724765544,1.106063445532417,3378144.2302582664,500,229.0,0.0030384063720703125,,1364.68359375,2.849703550338745
lr,top20,20,cross_station,1,42,1,124.25001477822661,143.1050361134112,150.8169842418283,1.2138186422836323,8048.288781171545,500,229.0,0.0030384063720703125,,1375.3984375,2.7978997230529785
lr,top20,20,cross_station,1,42,16,8.2812512118835,9.614062946639022,10.294755556969902,1.2431401117499064,120754.699309811,500,229.0,0.0030384063720703125,,1375.3984375,2.7978997230529785
lr,top20,20,cross_station,1,42,64,2.2578115022042766,2.578202747827163,2.673500348464586,1.1841114042755458,442906.77012837917,500,229.0,0.0030384063720703125,,1375.3984375,2.7978997230529785
lr,top20,20,cross_station,1,42,256,0.7365233614109457,0.8418359811912524,0.9047891262525808,1.2284595080857872,1357730.1853458069,500,229.0,0.0030384063720703125,,1375.3984375,2.7978997230529785
lr,top20,20,cross_station,1,42,1024,0.34526362924225396,0.3679784754240245,0.3776445646508364,1.0937861178127812,2896337.5093828687,500,229.0,0.0030384063720703125,,1375.3984375,2.7978997230529785
lr,top20,20,cross_station,1,42,4096,0.29531250334002834,0.30608520518171645,0.3233459364082591,1.0949280262473429,3386243.3479444697,500,229.0,0.0030384063720703125,,1375.3984375,2.7978997230529785
lr,top20,20,cross_station,1,456,1,125.700025819242,146.50506200268865,150.92698507942256,1.2006917587786117,7955.4478488175555,500,229.0,0.0030384063720703125,,1395.1328125,2.7148475646972656
lr,top20,20,cross_station,1,456,16,8.35625542094931,9.613125439500436,9.93769041087944,1.1892516336881518,119670.82737717408,500,229.0,0.0030384063720703125,,1395.1328125,2.7148475646972656
lr,top20,20,cross_station,1,456,64,2.3023440007818863,2.6189061827608384,2.7078443599748425,1.1761250095794749,434339.95947625354,500,229.0,0.0030384063720703125,,1395.1328125,2.7148475646972656
lr,top20,20,cross_station,1,456,256,0.7433595783368219,0.8273436833405867,0.8500040121361963,1.1434627828943544,1345243.983049738,500,229.0,0.0030384063720703125,,1395.1328125,2.7148475646972656
lr,top20,20,cross_station,1,456,1024,0.3497558509479859,0.37239257153487415,0.3793340295032976,1.084568073629483,2859137.3018909567,500,229.0,0.0030384063720703125,,1395.1328125,2.7148475646972656
lr,top20,20,cross_station,1,456,4096,0.29742433582669037,0.3085693265347799,0.3289001494977128,1.1058279699390954,3362199.657336384,500,229.0,0.0030384063720703125,,1395.1328125,2.7148475646972656
lr,top20,20,cross_station,1,789,1,127.50003952533007,148.7199740950018,160.85194307379402,1.2615834761512998,7843.134823509861,500,229.0,0.0030384063720703125,,1359.1875,3.493274211883545
lr,top20,20,cross_station,1,789,16,8.518749382346869,9.775939179235138,10.350068478146568,1.2149751112052531,117388.12296465346,500,229.0,0.0030384063720703125,,1359.1875,3.493274211883545
lr,top20,20,cross_station,1,789,64,2.3265629351953976,2.6874987270275597,2.8531405223475304,1.2263328359556747,429818.5898487266,500,229.0,0.0030384063720703125,,1359.1875,3.493274211883545
lr,top20,20,cross_station,1,789,256,0.7556641321571078,0.8472852186969249,1.1718748328348738,1.5507879532268616,1323339.242191388,500,229.0,0.0030384063720703125,,1359.1875,3.493274211883545
lr,top20,20,cross_station,1,789,1024,0.362353546279337,0.3927733644104592,0.4566776885894796,1.2603096983006439,2759735.6511838958,500,229.0,0.0030384063720703125,,1359.1875,3.493274211883545
lr,top20,20,cross_station,1,789,4096,0.29909668342043005,0.31933961395225197,0.3313544857519446,1.1078507523474301,3343400.497003619,500,229.0,0.0030384063720703125,,1359.1875,3.493274211883545
mlp,full,89,cross_station,1,1011,1,186.10002007335424,210.6099738739431,228.47199230454845,1.227683867065101,5373.45455205128,500,20539.0,0.24378395080566406,,1458.63671875,12.876725196838379
mlp,full,89,cross_station,1,1011,16,13.253127690404654,14.762815408175811,17.227312491741007,1.2998676911725289,75453.88706425927,500,20539.0,0.24378395080566406,,1458.63671875,12.876725196838379
mlp,full,89,cross_station,1,1011,64,4.032812285004184,4.466094924282515,5.11695385284838,1.2688301590122417,247965.91790757317,500,20539.0,0.24378395080566406,,1458.63671875,12.876725196838379
mlp,full,89,cross_station,1,1011,256,4.154687530899537,4.607773485076904,5.0915547990371115,1.2254964449600214,240691.98767963392,500,20539.0,0.24378395080566406,,1458.63671875,12.876725196838379
mlp,full,89,cross_station,1,1011,1024,2.0822753867832944,2.3762793148307537,2.7736708727843506,1.332038447166744,480243.8747282141,500,20539.0,0.24378395080566406,,1458.63671875,12.876725196838379
mlp,full,89,cross_station,1,1011,4096,2.0714355457585043,2.2045361447453615,2.2400087846108363,1.081379910274063,482756.99528648704,237,20539.0,0.24378395080566406,,1458.63671875,12.876725196838379
mlp,full,89,cross_station,1,123,1,189.74998965859413,216.125015867874,232.72002581506965,1.226456065867455,5270.092513834865,500,20539.0,0.24393653869628906,,1468.98046875,14.717268466949463
mlp,full,89,cross_station,1,123,16,13.512501027435064,15.163124044192955,17.660433732089576,1.3069700195569103,74005.54478920321,500,20539.0,0.24393653869628906,,1468.98046875,14.717268466949463
mlp,full,89,cross_station,1,123,64,4.028125658805948,4.453514975466533,5.475031102832872,1.3592006721200025,248254.4202199563,500,20539.0,0.24393653869628906,,1468.98046875,14.717268466949463
mlp,full,89,cross_station,1,123,256,4.33398440691235,4.88564442093775,5.645761953019245,1.302672419405736,230734.56342045945,500,20539.0,0.24393653869628906,,1468.98046875,14.717268466949463
mlp,full,89,cross_station,1,123,1024,2.1080077772239747,2.2806641425177077,2.44772655264569,1.161156319768938,474381.55153151054,500,20539.0,0.24393653869628906,,1468.98046875,14.717268466949463
mlp,full,89,cross_station,1,123,4096,2.005212408562329,2.0945373577774262,2.1326635817331407,1.0635599364070314,498700.28518174135,246,20539.0,0.24393653869628906,,1468.98046875,14.717268466949463
mlp,full,89,cross_station,1,42,1,182.1999903768301,206.60505397245288,215.99501022137648,1.18548310444282,5488.474494053362,500,20539.0,0.24350929260253906,,1505.21875,8.887680530548096
mlp,full,89,cross_station,1,42,16,13.121873053023592,14.656252460554242,16.036373272072503,1.2221100758460197,76208.63240782353,500,20539.0,0.24350929260253906,,1505.21875,8.887680530548096
mlp,full,89,cross_station,1,42,64,4.017968421976548,4.461327534954762,5.320937998476437,1.3242856686909759,248881.99581918886,500,20539.0,0.24350929260253906,,1505.21875,8.887680530548096
mlp,full,89,cross_station,1,42,256,3.9615235891687917,4.5235155084810685,5.066890989837701,1.2790258282674616,252428.1321292903,500,20539.0,0.24350929260253906,,1505.21875,8.887680530548096
mlp,full,89,cross_station,1,42,1024,2.0696289197985607,2.2525488134306215,2.6061894016038423,1.2592544376783765,483178.4048018285,500,20539.0,0.24350929260253906,,1505.21875,8.887680530548096
mlp,full,89,cross_station,1,42,4096,2.1162597647617076,2.241143789660782,2.3072509875987635,1.0902494230704998,472531.78303118225,226,20539.0,0.24350929260253906,,1505.21875,8.887680530548096
mlp,full,89,cross_station,1,456,1,182.6999941840768,202.71491957828403,208.91096093691885,1.1434645188134684,5473.453923553299,500,20539.0,0.24505043029785156,,1483.4453125,31.58581256866455
mlp,full,89,cross_station,1,456,16,13.181248505134135,14.343750081025064,14.806441031396389,1.1232957959657035,75865.34762700947,500,20539.0,0.24505043029785156,,1483.4453125,31.58581256866455
mlp,full,89,cross_station,1,456,64,4.069531314598862,4.415782041178318,4.594186120812083,1.128922661027597,245728.54284537458,500,20539.0,0.24505043029785156,,1483.4453125,31.58581256866455
mlp,full,89,cross_station,1,456,256,4.244335741532268,4.891894491265702,5.727789020966156,1.3495136506091623,235608.12831432256,500,20539.0,0.24505043029785156,,1483.4453125,31.58581256866455
mlp,full,89,cross_station,1,456,1024,2.0668944671342615,2.244301788323355,2.4181337812478882,1.1699357754828277,483817.63844309613,500,20539.0,0.24505043029785156,,1483.4453125,31.58581256866455
mlp,full,89,cross_station,1,456,4096,2.1177001769956405,2.2042480452455493,2.2473945182355237,1.0612430138358298,472210.3774948396,249,20539.0,0.24505043029785156,,1483.4453125,31.58581256866455
mlp,full,89,cross_station,1,789,1,184.85001055523753,208.02506478503344,220.25804617442185,1.1915500870831899,5409.79141411072,500,20539.0,0.24393653869628906,,1466.921875,14.78917145729065
mlp,full,89,cross_station,1,789,16,13.156248314771801,15.133436318137681,18.44500220613554,1.4019955966797573,76009.5109239617,500,20539.0,0.24393653869628906,,1466.921875,14.78917145729065
mlp,full,89,cross_station,1,789,64,4.107812856091186,4.662577339331619,5.398936773417517,1.3143093326201103,243438.54869560828,500,20539.0,0.24393653869628906,,1466.921875,14.78917145729065
mlp,full,89,cross_station,1,789,256,4.182812517683487,4.67033210043155,5.332523569450132,1.2748655472618156,239073.58882865182,500,20539.0,0.24393653869628906,,1466.921875,14.78917145729065
mlp,full,89,cross_station,1,789,1024,2.106250008182542,2.4198535243158403,2.685784163531934,1.275149746277967,474777.44622676016,500,20539.0,0.24393653869628906,,1466.921875,14.78917145729065
mlp,full,89,cross_station,1,789,4096,2.0559570259592874,2.2125610428247455,2.3754150362265136,1.1553816574148337,486391.4894006166,226,20539.0,0.24393653869628906,,1466.921875,14.78917145729065
mlp,top20,20,cross_station,1,1011,1,190.25005167350173,216.2050164770335,238.31995087675722,1.2526669442684348,5256.240359483073,500,11569.0,0.1419544219970703,,1377.4375,18.66710877418518
mlp,top20,20,cross_station,1,1011,16,13.143751857569441,15.383125719381495,18.550753011368215,1.4113742569390413,76081.77716959131,500,11569.0,0.1419544219970703,,1377.4375,18.66710877418518
mlp,top20,20,cross_station,1,1011,64,3.938281224691309,4.334609639045084,5.340750631148694,1.35611205153774,253917.87506956977,500,11569.0,0.1419544219970703,,1377.4375,18.66710877418518
mlp,top20,20,cross_station,1,1011,256,2.6013669867097633,3.0213474701668015,3.2785937037260737,1.2603349394669123,384413.2739090422,500,11569.0,0.1419544219970703,,1377.4375,18.66710877418518
mlp,top20,20,cross_station,1,1011,1024,1.6696289435458311,1.8067675796373805,1.9426162157287754,1.1635017608183018,598935.4723788365,500,11569.0,0.1419544219970703,,1377.4375,18.66710877418518
mlp,top20,20,cross_station,1,1011,4096,1.7786377100037498,2.0433398503882927,2.1140527439911243,1.1885797383586718,562228.0436176582,289,11569.0,0.1419544219970703,,1377.4375,18.66710877418518
mlp,top20,20,cross_station,1,123,1,195.89997828006744,220.30993713997304,227.20298380590975,1.1597907554695597,5104.645793121809,500,11569.0,0.1427936553955078,,1383.7109375,31.125815868377686
mlp,top20,20,cross_station,1,123,16,16.043748473748565,17.463752010371536,17.938373421202414,1.118091164951502,62329.57351807408,500,11569.0,0.1427936553955078,,1383.7109375,31.125815868377686
mlp,top20,20,cross_station,1,123,64,6.9429688664968126,7.2734365858195815,7.421890750265447,1.0689794082297654,144030.60408717723,500,11569.0,0.1427936553955078,,1383.7109375,31.125815868377686
mlp,top20,20,cross_station,1,123,256,3.0847659218125045,3.5542384921427574,4.264773619979677,1.3825274682345556,324173.70567048853,500,11569.0,0.1427936553955078,,1383.7109375,31.125815868377686
mlp,top20,20,cross_station,1,123,1024,1.9610839672168368,2.226792003057198,2.4245341114692565,1.236323457842627,509922.0720361078,500,11569.0,0.1427936553955078,,1383.7109375,31.125815868377686
mlp,top20,20,cross_station,1,123,4096,1.8669433359264076,1.9723803745819168,2.01547167876015,1.0795569635004698,535634.8962266622,255,11569.0,0.1427936553955078,,1383.7109375,31.125815868377686
mlp,top20,20,cross_station,1,42,1,187.7500326372683,212.5999890267849,240.41896802373228,1.280526904025737,5326.230765200413,500,11569.0,0.1429767608642578,,1358.75390625,30.582189321517944
mlp,top20,20,cross_station,1,42,16,12.762498954543844,14.150936112855561,14.489001187030224,1.1352793241069525,78354.56077698397,500,11569.0,0.1429767608642578,,1358.75390625,30.582189321517944
mlp,top20,20,cross_station,1,42,64,3.819531229964923,4.2049229705298785,4.322109543863917,1.1315811505758022,261812.23291350954,500,11569.0,0.1429767608642578,,1358.75390625,30.582189321517944
mlp,top20,20,cross_station,1,42,256,2.3792972569935955,2.850019404831982,3.2152655512618367,1.3513509259135381,420292.16696679936,500,11569.0,0.1429767608642578,,1358.75390625,30.582189321517944
mlp,top20,20,cross_station,1,42,1024,1.6332031691490556,1.801982392635182,2.0252392175734713,1.2400411999130991,612293.6930872035,500,11569.0,0.1429767608642578,,1358.75390625,30.582189321517944
mlp,top20,20,cross_station,1,42,4096,1.9110107416508981,2.010952141517919,2.0652255966524535,1.0806980576510685,523283.2962184779,255,11569.0,0.1429767608642578,,1358.75390625,30.582189321517944
mlp,top20,20,cross_station,1,456,1,189.8000482469797,221.40494547784328,272.41209405474365,1.435258297196342,5268.702559541699,500,11569.0,0.1423816680908203,,1360.96484375,24.44650411605835
mlp,top20,20,cross_station,1,456,16,12.81250297324732,14.331249985843897,15.750941020087339,1.2293414528742368,78048.76237593962,500,11569.0,0.1423816680908203,,1360.96484375,24.44650411605835
mlp,top20,20,cross_station,1,456,64,3.8406251405831426,4.29499996243976,5.006265546398936,1.3035027796643563,260374.27850825468,500,11569.0,0.1423816680908203,,1360.96484375,24.44650411605835
mlp,top20,20,cross_station,1,456,256,2.5759766231203685,2.943515755760018,3.2452457980980394,1.2598118200960078,388202.28065139265,500,11569.0,0.1423816680908203,,1360.96484375,24.44650411605835
mlp,top20,20,cross_station,1,456,1024,1.664892579356092,1.8113769840510938,1.9871074323418725,1.193534920499435,600639.35199156,500,11569.0,0.1423816680908203,,1360.96484375,24.44650411605835
mlp,top20,20,cross_station,1,456,4096,1.8697509602816353,2.0292968869739525,2.1088379114075906,1.1278710139504045,534830.5850579015,276,11569.0,0.1423816680908203,,1360.96484375,24.44650411605835
mlp,top20,20,cross_station,1,789,1,189.19992726296186,211.415090598166,240.19896402023704,1.2695510378626813,5285.414294108779,500,11569.0,0.1423358917236328,,1373.00390625,23.40860104560852
mlp,top20,20,cross_station,1,789,16,13.081247743684798,14.514063877868464,17.841872540884648,1.3639274242396429,76445.3070222424,500,11569.0,0.1423358917236328,,1373.00390625,23.40860104560852
mlp,top20,20,cross_station,1,789,64,4.1953126128646545,4.614139470504597,5.50632821614272,1.3124953309219247,238361.2598816986,500,11569.0,0.1423358917236328,,1373.00390625,23.40860104560852
mlp,top20,20,cross_station,1,789,256,2.4898436095099896,2.900058393606741,3.1830665420784494,1.2784202710245278,401631.6511529026,500,11569.0,0.1423358917236328,,1373.00390625,23.40860104560852
mlp,top20,20,cross_station,1,789,1024,1.6436035252809233,1.8271289491167406,1.99138089783446,1.2115944430662466,608419.2353074205,500,11569.0,0.1423358917236328,,1373.00390625,23.40860104560852
mlp,top20,20,cross_station,1,789,4096,1.8815917997017095,2.0340380842753802,2.089669936253813,1.1105862262925945,531464.9012386911,267,11569.0,0.1423358917236328,,1373.00390625,23.40860104560852
rf,full,89,cross_station,1,1011,1,82335.29998688027,93333.26501655391,94833.90400651842,1.151801281122796,12.145458875589755,30,692323.0,16.43332004547119,300.0,1487.92578125,1.6314690113067627
rf,full,89,cross_station,1,1011,16,6647.69062132109,7308.743749672431,7390.01056048437,1.1116658372732395,150.42817979415398,30,692323.0,16.43332004547119,300.0,1487.92578125,1.6314690113067627
rf,full,89,cross_station,1,1011,64,2597.165625047637,2622.170625363651,2636.834828190331,1.0152740367268513,385.0351284322339,30,692323.0,16.43332004547119,300.0,1487.92578125,1.6314690113067627
rf,full,89,cross_station,1,1011,256,651.5408203995321,688.2988477173058,706.3006328417032,1.084046633346153,1534.823250808428,30,692323.0,16.43332004547119,300.0,1487.92578125,1.6314690113067627
rf,full,89,cross_station,1,1011,1024,182.81254887142495,196.74270024552243,213.51184180502972,1.1679277113257476,5470.084007763145,30,692323.0,16.43332004547119,300.0,1487.92578125,1.6314690113067627
rf,full,89,cross_station,1,1011,4096,54.272412114642066,56.70080444701853,57.23067552793282,1.054507682596489,18425.567632550676,30,692323.0,16.43332004547119,300.0,1487.92578125,1.6314690113067627
rf,full,89,cross_station,1,123,1,83395.90003015473,94925.51500443369,97430.66097260453,1.1682907785319785,11.990997154997004,30,667375.0,15.845002174377441,300.0,1476.34375,1.6709513664245605
rf,full,89,cross_station,1,123,16,5799.718750495231,6574.92562168045,6605.757187498966,1.138978883576882,172.42215407680092,30,667375.0,15.845002174377441,300.0,1476.34375,1.6709513664245605
rf,full,89,cross_station,1,123,64,2576.0796870599734,2640.627890741598,3221.9356878886183,1.2507127415634207,388.18674943292586,30,667375.0,15.845002174377441,300.0,1476.34375,1.6709513664245605
rf,full,89,cross_station,1,123,256,649.7876952380466,698.6067384104899,794.7957693522768,1.2231622346451285,1538.9641991199214,30,667375.0,15.845002174377441,300.0,1476.34375,1.6709513664245605
rf,full,89,cross_station,1,123,1024,182.62617186337593,184.06344238997008,184.2273779527659,1.0087676704442332,5475.666438149445,30,667375.0,15.845002174377441,300.0,1476.34375,1.6709513664245605
rf,full,89,cross_station,1,123,4096,55.003161605782225,56.34650269570329,56.52843847286704,1.0277307126091542,18180.7730829581,30,667375.0,15.845002174377441,300.0,1476.34375,1.6709513664245605
rf,full,89,cross_station,1,42,1,82268.59994465485,92398.90501485206,93530.17602930777,1.1368879024588847,12.15530592076123,30,674206.0,16.006089210510254,300.0,1487.25390625,1.688871145248413
rf,full,89,cross_station,1,42,16,6578.837495908374,6813.276249158662,6845.805876873783,1.0405798716158359,152.00253853692809,30,674206.0,16.006089210510254,300.0,1487.25390625,1.688871145248413
rf,full,89,cross_station,1,42,64,2603.932813144638,2632.220937994134,2644.900764917111,1.0157331063096815,384.0344862017966,30,674206.0,16.006089210510254,300.0,1487.25390625,1.688871145248413
rf,full,89,cross_station,1,42,256,649.7515623777872,723.5534767687567,747.2882931187996,1.1501138841191447,1539.0497813356033,30,674206.0,16.006089210510254,300.0,1487.25390625,1.688871145248413
rf,full,89,cross_station,1,42,1024,181.83740229460454,193.29372560719094,233.6129551190425,1.2847354404049043,5499.418642045085,30,674206.0,16.006089210510254,300.0,1487.25390625,1.688871145248413
rf,full,89,cross_station,1,42,4096,55.92370605711494,56.44863525162691,56.53056641932608,1.0108515762812884,17881.50447287415,30,674206.0,16.006089210510254,300.0,1487.25390625,1.688871145248413
rf,full,89,cross_station,1,456,1,79593.10000296682,83359.25505380146,84088.02103134803,1.056473752476203,12.563903151940622,30,709637.0,16.841614723205566,300.0,1483.015625,1.7008821964263916
rf,full,89,cross_station,1,456,16,6576.809373655124,6782.293122523697,6839.758373243967,1.0399812408494222,152.0494122888407,30,709637.0,16.841614723205566,300.0,1483.015625,1.7008821964263916
rf,full,89,cross_station,1,456,64,2268.762500534649,2376.057890523952,2547.675202931714,1.1229360509667,440.76892127948315,30,709637.0,16.841614723205566,300.0,1483.015625,1.7008821964263916
rf,full,89,cross_station,1,456,256,649.7320312064403,655.8593360068699,664.2115038266638,1.0222852990537308,1539.0960457085246,30,709637.0,16.841614723205566,300.0,1483.015625,1.7008821964263916
rf,full,89,cross_station,1,456,1024,173.0810058688803,182.64856444716315,221.64188275723978,1.280567336921692,5777.641486308224,30,709637.0,16.841614723205566,300.0,1483.015625,1.7008821964263916
rf,full,89,cross_station,1,456,4096,50.979345701307466,53.54996094268927,54.120279284006756,1.0616118849602798,19615.787261356574,30,709637.0,16.841614723205566,300.0,1483.015625,1.7008821964263916
rf,full,89,cross_station,1,789,1,83382.54998670891,95314.84998296946,96151.4519318007,1.153136381018896,11.992916985141363,30,690574.0,16.392075538635254,300.0,1501.63671875,1.6994867324829102
rf,full,89,cross_station,1,789,16,6520.646875287639,6876.101561647374,7428.053377370817,1.1391589698749252,153.35901776706592,30,690574.0,16.392075538635254,300.0,1501.63671875,1.6994867324829102
rf,full,89,cross_station,1,789,64,2604.1406254080357,2734.912577670911,2809.5152177047567,1.0788646320759046,384.0038399782319,30,690574.0,16.392075538635254,300.0,1501.63671875,1.6994867324829102
rf,full,89,cross_station,1,789,256,648.2478518137214,663.1175975371661,758.6299411968868,1.170277601498145,1542.6198439410443,30,690574.0,16.392075538635254,300.0,1501.63671875,1.6994867324829102
rf,full,89,cross_station,1,789,1024,182.88862304416398,190.73644532454634,194.99187890460234,1.0661782874132946,5467.808676970135,30,690574.0,16.392075538635254,300.0,1501.63671875,1.6994867324829102
rf,full,89,cross_station,1,789,4096,56.06684570125253,56.45787474577446,56.901280758552275,1.0148828607506468,17835.85267714927,30,690574.0,16.392075538635254,300.0,1501.63671875,1.6994867324829102
rf,top20,20,cross_station,1,1011,1,82698.3000151813,88754.80496208183,91805.31302350573,1.1101233399798136,12.092146994755943,30,530535.0,12.618073463439941,300.0,1358.4765625,1.344543695449829
rf,top20,20,cross_station,1,1011,16,6683.893752779113,7344.143440423068,7404.96137739683,1.1078813714412954,149.6133895880986,30,530535.0,12.618073463439941,300.0,1358.4765625,1.344543695449829
rf,top20,20,cross_station,1,1011,64,2593.480468931375,2633.266250904853,2636.2293597230746,1.016483212927111,385.58223668136696,30,530535.0,12.618073463439941,300.0,1358.4765625,1.344543695449829
rf,top20,20,cross_station,1,1011,256,650.5253907107544,685.5096484059686,807.6836833470226,1.2415867157230547,1537.2190144759988,30,530535.0,12.618073463439941,300.0,1358.4765625,1.344543695449829
rf,top20,20,cross_station,1,1011,1024,182.8747070362624,192.15312012761385,198.83613084061835,1.0872806527651249,5468.224754567667,30,530535.0,12.618073463439941,300.0,1358.4765625,1.344543695449829
rf,top20,20,cross_station,1,1011,4096,50.918530277499485,53.717552492571485,53.88531787872353,1.0582653816804104,19639.21571479239,30,530535.0,12.618073463439941,300.0,1358.4765625,1.344543695449829
rf,top20,20,cross_station,1,123,1,81592.20003290102,89036.65005927904,92828.08502670377,1.1377078322348464,12.256073492279443,30,629986.0,14.963303565979004,300.0,1394.29296875,1.6341743469238281
rf,top20,20,cross_station,1,123,16,5837.171873281477,6665.06812631269,6711.785063089337,1.1498350928831191,171.31583953820277,30,629986.0,14.963303565979004,300.0,1394.29296875,1.6341743469238281
rf,top20,20,cross_station,1,123,64,2273.4851563654956,2457.3640625021653,3023.672656800046,1.3299724646691058,439.8533226399634,30,629986.0,14.963303565979004,300.0,1394.29296875,1.6341743469238281
rf,top20,20,cross_station,1,123,256,649.8177735920763,659.5137695057929,663.7066250959833,1.0213734558646064,1538.8929645186206,30,629986.0,14.963303565979004,300.0,1394.29296875,1.6341743469238281
rf,top20,20,cross_station,1,123,1024,174.32050776733377,183.2974560556977,183.54017674141687,1.0528891814977308,5736.559701482191,30,629986.0,14.963303565979004,300.0,1394.29296875,1.6341743469238281
rf,top20,20,cross_station,1,123,4096,50.23978272333807,51.14703370310281,53.383830089615,1.0625808312824654,19904.54468138984,30,629986.0,14.963303565979004,300.0,1394.29296875,1.6341743469238281
rf,top20,20,cross_station,1,42,1,164511.14998199046,166441.3949882146,167153.7320211064,1.016063239722081,6.078615340719903,30,574942.0,13.665268898010254,300.0,1352.25,1.345327377319336
rf,top20,20,cross_station,1,42,16,10312.581252946984,10446.695625796565,12062.065438949505,1.1696456147196492,96.96893294433283,30,574942.0,13.665268898010254,300.0,1352.25,1.345327377319336
rf,top20,20,cross_station,1,42,64,2755.769531177066,2930.195859153173,2941.3042970190872,1.0673259369998094,362.87504767239085,30,574942.0,13.665268898010254,300.0,1352.25,1.345327377319336
rf,top20,20,cross_station,1,42,256,726.148828107398,811.8212109366141,861.9872306007893,1.1870668893695449,1377.1281606366501,30,574942.0,13.665268898010254,300.0,1352.25,1.345327377319336
rf,top20,20,cross_station,1,42,1024,202.34448237488323,205.88089353736905,211.03991214772577,1.0429733970048787,4942.067054476444,30,574942.0,13.665268898010254,300.0,1352.25,1.345327377319336
rf,top20,20,cross_station,1,42,4096,55.994287109228935,58.35876341961921,58.74427003675464,1.0491118481812487,17858.964755623805,30,574942.0,13.665268898010254,300.0,1352.25,1.345327377319336
rf,top20,20,cross_station,1,456,1,83262.74994760752,94500.1500309445,97391.17804216221,1.1696848603180283,12.010172623763241,30,679497.0,16.130860328674316,300.0,1373.6953125,1.568129062652588
rf,top20,20,cross_station,1,456,16,6523.562500660773,7099.311874844716,7294.332127421512,1.1181516428611924,153.2904758555942,30,679497.0,16.130860328674316,300.0,1373.6953125,1.568129062652588
rf,top20,20,cross_station,1,456,64,2600.235938189144,2624.420624852064,2629.074968481291,1.0110909282763898,384.5804856833184,30,679497.0,16.130860328674316,300.0,1373.6953125,1.568129062652588
rf,top20,20,cross_station,1,456,256,646.7207033438171,694.4286719772208,770.6009571711548,1.1915513964325324,1546.262543984723,30,679497.0,16.130860328674316,300.0,1373.6953125,1.568129062652588
rf,top20,20,cross_station,1,456,1024,161.55468756551272,174.1857519448331,176.16807519289068,1.0904547422769892,6189.85443919407,30,679497.0,16.130860328674316,300.0,1373.6953125,1.568129062652588
rf,top20,20,cross_station,1,456,4096,45.89426271195407,48.73811767964753,51.03797411123878,1.1120774383405647,21789.21592610159,30,679497.0,16.130860328674316,300.0,1373.6953125,1.568129062652588
rf,top20,20,cross_station,1,789,1,71827.65001198277,83254.71492717043,83908.28595147468,1.1681892131717597,13.922215189180953,30,564976.0,13.430253028869629,300.0,1380.57421875,1.3452513217926025
rf,top20,20,cross_station,1,789,16,5140.850000316277,6411.785934324143,6467.4832473974675,1.2580571786765948,194.52036140686417,30,564976.0,13.430253028869629,300.0,1380.57421875,1.3452513217926025
rf,top20,20,cross_station,1,789,64,2265.547655952105,2358.482187537447,2412.3207979391736,1.0647848398163078,441.39437869372307,30,564976.0,13.430253028869629,300.0,1380.57421875,1.3452513217926025
rf,top20,20,cross_station,1,789,256,649.3589842193614,665.6110739641008,688.637155944889,1.0604876080566537,1539.980233279082,30,564976.0,13.430253028869629,300.0,1380.57421875,1.3452513217926025
rf,top20,20,cross_station,1,789,1024,163.29018552596608,181.68618164509098,220.1164208668161,1.3480076598468536,6124.06677583805,30,564976.0,13.430253028869629,300.0,1380.57421875,1.3452513217926025
rf,top20,20,cross_station,1,789,4096,50.61865235234109,51.28456177629914,51.642784176806344,1.0202323012737793,19755.563483581176,30,564976.0,13.430253028869629,300.0,1380.57421875,1.3452513217926025
stack[trees_mlp/lr],full,89,cross_station,1,1011,1,19237.600034102798,21596.999978646636,23047.490057069805,1.1980439356371457,51.98153606620806,99,,9.858283042907715,,1600.21875,174.54367756843567
stack[trees_mlp/lr],full,89,cross_station,1,1011,16,1252.7312501333654,1369.6056223125197,1406.5314974868675,1.1227719411782284,798.2558109678674,95,,9.858283042907715,,1600.21875,174.54367756843567
stack[trees_mlp/lr],full,89,cross_station,1,1011,64,391.8312504538335,429.16734400932904,435.72565587965073,1.1120237484248057,2552.11905339802,79,,9.858283042907715,,1600.21875,174.54367756843567
stack[trees_mlp/lr],full,89,cross_station,1,1011,256,112.41796892136335,122.43964852132194,128.7501561819226,1.1452809316630124,8895.375086339644,71,,9.858283042907715,,1600.21875,174.54367756843567
stack[trees_mlp/lr],full,89,cross_station,1,1011,1024,34.38979490510974,37.142182605975904,40.26232029787024,1.1707636061501472,29078.39383047373,50,,9.858283042907715,,1600.21875,174.54367756843567
stack[trees_mlp/lr],full,89,cross_station,1,1011,4096,14.933374018255563,16.38507324770444,16.614267579484476,1.1125595300281153,66964.10327482139,30,,9.858283042907715,,1600.21875,174.54367756843567
stack[trees_mlp/lr],full,89,cross_station,1,123,1,19069.39991749823,21763.040020596236,24431.387966033068,1.2811828411870807,52.44003504705946,99,,9.362372398376465,,1592.8203125,164.19040393829346
stack[trees_mlp/lr],full,89,cross_station,1,123,16,1268.9750001300126,1376.223750412464,1435.7280006515794,1.131407632541604,788.0375893122758,93,,9.362372398376465,,1592.8203125,164.19040393829346
stack[trees_mlp/lr],full,89,cross_station,1,123,64,378.8179692492122,400.3173435194185,410.2506871277001,1.0829757837010348,2639.7902981791553,82,,9.362372398376465,,1592.8203125,164.19040393829346
stack[trees_mlp/lr],full,89,cross_station,1,123,256,110.47480461456871,120.92304684756527,125.25012893092935,1.1337438375013171,9051.837688139494,72,,9.362372398376465,,1592.8203125,164.19040393829346
stack[trees_mlp/lr],full,89,cross_station,1,123,1024,33.99819337346344,36.248691412765766,36.84517775695895,1.083739284385554,29413.327614652862,58,,9.362372398376465,,1592.8203125,164.19040393829346
stack[trees_mlp/lr],full,89,cross_station,1,123,4096,14.187548828203944,15.505505371038453,15.71904540298874,1.1079465236264265,70484.33891639292,35,,9.362372398376465,,1592.8203125,164.19040393829346
stack[trees_mlp/lr],full,89,cross_station,1,42,1,18761.900020763278,21639.629930723455,22242.427908349782,1.1855104165214982,53.29950585459508,103,,8.95389461517334,,1589.140625,168.79514598846436
stack[trees_mlp/lr],full,89,cross_station,1,42,16,1267.5156249315478,1469.7815611725673,1560.5008759303018,1.2311492223337102,788.9449094988514,94,,8.95389461517334,,1589.140625,168.79514598846436
stack[trees_mlp/lr],full,89,cross_station,1,42,64,374.6046877495246,450.85156161803746,487.4424377339888,1.3012182006112853,2669.480742506456,85,,8.95389461517334,,1589.140625,168.79514598846436
stack[trees_mlp/lr],full,89,cross_station,1,42,256,110.52910144826456,117.50064450097852,122.04164451304678,1.1041584787529546,9047.391020979852,74,,8.95389461517334,,1589.140625,168.79514598846436
stack[trees_mlp/lr],full,89,cross_station,1,42,1024,32.37080079543375,34.06224609534547,34.572775414289936,1.0680234830386648,30892.037744740028,63,,8.95389461517334,,1589.140625,168.79514598846436
stack[trees_mlp/lr],full,89,cross_station,1,42,4096,13.743603517468728,15.316125498543443,15.859914533393745,1.1539851621327035,72761.12110837277,35,,8.95389461517334,,1589.140625,168.79514598846436
stack[trees_mlp/lr],full,89,cross_station,1,456,1,18902.050040196627,21424.304973334074,23390.791991259903,1.237473815883337,52.904314498873134,108,,8.742484092712402,,1588.05078125,194.93058347702026
stack[trees_mlp/lr],full,89,cross_station,1,456,16,1275.5312491208315,1445.6437493208796,1605.5375017458573,1.258720633345898,783.9870647538088,101,,8.742484092712402,,1588.05078125,194.93058347702026
stack[trees_mlp/lr],full,89,cross_station,1,456,64,375.2968750632135,400.4671882285038,413.7221876590047,1.1023864443031106,2664.5572250809814,81,,8.742484092712402,,1588.05078125,194.93058347702026
stack[trees_mlp/lr],full,89,cross_station,1,456,256,110.36640626116423,117.37167983483232,125.64503890644119,1.1384355363453853,9060.728113531775,71,,8.742484092712402,,1588.05078125,194.93058347702026
stack[trees_mlp/lr],full,89,cross_station,1,456,1024,33.5680664420579,38.53857422200235,41.390318319827216,1.2330265846938597,29790.21748917555,63,,8.742484092712402,,1588.05078125,194.93058347702026
stack[trees_mlp/lr],full,89,cross_station,1,456,4096,14.794946309848456,16.782392572167737,17.03691502825677,1.1515361172291594,67590.64744522503,33,,8.742484092712402,,1588.05078125,194.93058347702026
stack[trees_mlp/lr],full,89,cross_station,1,789,1,19285.099930129945,22745.380003470927,23873.1560157612,1.2379067830736588,51.85350366982837,103,,9.044272422790527,,1598.65234375,135.3352518081665
stack[trees_mlp/lr],full,89,cross_station,1,789,16,1288.7218726973515,1441.8859409488502,1530.3918140853054,1.1875268407465827,775.9626193873439,102,,9.044272422790527,,1598.65234375,135.3352518081665
stack[trees_mlp/lr],full,89,cross_station,1,789,64,377.37187449238263,422.56320175511064,445.60340678799537,1.1808071478230686,2649.9060147106575,82,,9.044272422790527,,1598.65234375,135.3352518081665
stack[trees_mlp/lr],full,89,cross_station,1,789,256,109.58320353893214,121.4113281093887,127.43492206936932,1.1629056091985386,9125.486093721702,69,,9.044272422790527,,1598.65234375,135.3352518081665
stack[trees_mlp/lr],full,89,cross_station,1,789,1024,32.6372070276193,35.248115239028266,36.381652366799244,1.1147293435988932,30639.87672577951,59,,9.044272422790527,,1598.65234375,135.3352518081665
stack[trees_mlp/lr],full,89,cross_station,1,789,4096,13.656249990390279,15.54228027202953,16.391362311196644,1.2002828245478099,73226.54467395417,37,,9.044272422790527,,1598.65234375,135.3352518081665
xgboost,full,89,cross_station,1,1011,1,18597.75005141273,21275.189996231347,24326.478940201905,1.3080334380746237,53.769945140435816,108,45597.0,2.7066240310668945,2700.0,1480.4140625,10.364210605621338
xgboost,full,89,cross_station,1,1011,16,1155.7312500372063,1341.6812515060883,1414.7399389185011,1.2241080604794208,865.253059452885,110,45597.0,2.7066240310668945,2700.0,1480.4140625,10.364210605621338
xgboost,full,89,cross_station,1,1011,64,300.2499997819541,332.96898454864277,346.1622969552991,1.152913562720024,3330.5578708616636,98,45597.0,2.7066240310668945,2700.0,1480.4140625,10.364210605621338
xgboost,full,89,cross_station,1,1011,256,81.46015625243308,89.82208978522976,97.07632436402491,1.1917031445802733,12275.940116062957,98,45597.0,2.7066240310668945,2700.0,1480.4140625,10.364210605621338
xgboost,full,89,cross_station,1,1011,1024,21.24296872807463,23.6742285096625,23.996768584311205,1.1296334750329489,47074.39966610711,94,45597.0,2.7066240310668945,2700.0,1480.4140625,10.364210605621338
xgboost,full,89,cross_station,1,1011,4096,6.79597168584678,7.637148425487793,7.828329087260499,1.1519072546408184,147145.99268896156,74,45597.0,2.7066240310668945,2700.0,1480.4140625,10.364210605621338
xgboost,full,89,cross_station,1,123,1,18178.399943280965,19773.325038840994,20630.71493757889,1.134902686812342,55.010342115925134,106,46656.0,2.7295618057250977,2700.0,1494.59765625,7.4867353439331055
xgboost,full,89,cross_station,1,123,16,1209.056248626439,1496.1762499297038,1647.0880633278289,1.3622923376799223,827.0913790289414,114,46656.0,2.7295618057250977,2700.0,1494.59765625,7.4867353439331055
xgboost,full,89,cross_station,1,123,64,326.3070311732008,390.5969537299825,454.21271928717033,1.391979564933366,3064.5983827091027,98,46656.0,2.7295618057250977,2700.0,1494.59765625,7.4867353439331055
xgboost,full,89,cross_station,1,123,256,84.29433592027635,93.3361914803754,98.78462884444157,1.1719011457409167,11863.193286744403,94,46656.0,2.7295618057250977,2700.0,1494.59765625,7.4867353439331055
xgboost,full,89,cross_station,1,123,1024,21.957470721645223,24.880053672404756,26.757607429317453,1.2186106391088276,45542.58605997915,86,46656.0,2.7295618057250977,2700.0,1494.59765625,7.4867353439331055
xgboost,full,89,cross_station,1,123,4096,7.286303713271991,7.531008313321762,7.839934572189122,1.0759824021483888,137243.79868746092,59,46656.0,2.7295618057250977,2700.0,1494.59765625,7.4867353439331055
xgboost,full,89,cross_station,1,42,1,19029.649964068085,22227.02493309043,23499.850056832653,1.234907110808934,52.54957405355363,102,49389.0,2.7887706756591797,2700.0,1507.58984375,7.562178611755371
xgboost,full,89,cross_station,1,42,16,1188.1562531925738,1395.2787521702703,1516.0736262623684,1.2759884250818705,841.6401439734898,107,49389.0,2.7887706756591797,2700.0,1507.58984375,7.562178611755371
xgboost,full,89,cross_station,1,42,64,299.9781245307531,335.1248444232624,345.04965573432855,1.1502493932651905,3333.576411827597,107,49389.0,2.7887706756591797,2700.0,1507.58984375,7.562178611755371
xgboost,full,89,cross_station,1,42,256,82.13593764594407,99.70683595383889,114.19613279031182,1.390330908287268,12174.938628090047,91,49389.0,2.7887706756591797,2700.0,1507.58984375,7.562178611755371
xgboost,full,89,cross_station,1,42,1024,22.113085947239597,25.385205105976638,26.635312474354574,1.2045045426000116,45222.091678472,91,49389.0,2.7887706756591797,2700.0,1507.58984375,7.562178611755371
xgboost,full,89,cross_station,1,42,4096,7.205517590591626,8.078593754134998,8.44345118707679,1.1718035631613135,138782.53538728683,73,49389.0,2.7887706756591797,2700.0,1507.58984375,7.562178611755371
xgboost,full,89,cross_station,1,456,1,18265.10002138093,20912.424981361255,23085.329937748615,1.2639038335801707,54.74922112823968,106,47367.0,2.744990348815918,2700.0,1496.09765625,7.569625377655029
xgboost,full,89,cross_station,1,456,16,1159.075000032317,1299.041561287595,1351.2599412206328,1.1658088917308693,862.7569397770794,118,47367.0,2.744990348815918,2700.0,1496.09765625,7.569625377655029
xgboost,full,89,cross_station,1,456,64,299.35624934296357,332.4793749925447,344.2166566128435,1.1498562577809581,3340.5015001184415,104,47367.0,2.744990348815918,2700.0,1496.09765625,7.569625377655029
xgboost,full,89,cross_station,1,456,256,80.86367142823292,89.84140622487757,91.90009372105122,1.1364818353890005,12366.492670166566,97,47367.0,2.744990348815918,2700.0,1496.09765625,7.569625377655029
xgboost,full,89,cross_station,1,456,1024,21.55800785885731,24.45349124968743,26.057529265699483,1.2087169387960635,46386.47534350632,96,47367.0,2.744990348815918,2700.0,1496.09765625,7.569625377655029
xgboost,full,89,cross_station,1,456,4096,6.620898432174727,7.836835953867194,8.048674795873012,1.2156469213845518,151036.90386495416,65,47367.0,2.744990348815918,2700.0,1496.09765625,7.569625377655029
xgboost,full,89,cross_station,1,789,1,18258.89991596341,21746.780024841428,22677.30395775288,1.2419863224030567,54.76781211368155,105,47994.0,2.7586135864257812,2700.0,1495.46484375,8.425024509429932
xgboost,full,89,cross_station,1,789,16,1154.5531269803178,1348.5365619999357,1493.7070627638602,1.2937534253365928,866.1359764495684,110,47994.0,2.7586135864257812,2700.0,1495.46484375,8.425024509429932
xgboost,full,89,cross_station,1,789,64,310.4960933342227,349.3137493933318,368.7929691295724,1.187753975160641,3220.6524380439946,100,47994.0,2.7586135864257812,2700.0,1495.46484375,8.425024509429932
xgboost,full,89,cross_station,1,789,256,82.89960942420294,91.96156242978759,94.6347657190927,1.1415586439598306,12062.78300881892,89,47994.0,2.7586135864257812,2700.0,1495.46484375,8.425024509429932
xgboost,full,89,cross_station,1,789,1024,22.0684570422236,24.898959981101143,27.8841797228324,1.2635310057917313,45313.54403648153,94,47994.0,2.7586135864257812,2700.0,1495.46484375,8.425024509429932
xgboost,full,89,cross_station,1,789,4096,7.042822261382753,8.591850607331251,9.108027588808907,1.2932354744702421,141988.5328475782,64,47994.0,2.7586135864257812,2700.0,1495.46484375,8.425024509429932
xgboost,top20,20,cross_station,1,1011,1,17761.699971742928,20827.675005421042,23912.37009433099,1.3462883694901477,56.30091723150932,106,46167.0,2.7189836502075195,2700.0,1338.09375,5.408251047134399
xgboost,top20,20,cross_station,1,1011,16,1144.518748333212,1269.7874990408309,1459.9520000047044,1.2756033941172784,873.729680231383,113,46167.0,2.7189836502075195,2700.0,1338.09375,5.408251047134399
xgboost,top20,20,cross_station,1,1011,64,297.929687803844,329.5198426712886,349.01290502602933,1.1714606476405212,3356.4966531915306,107,46167.0,2.7189836502075195,2700.0,1338.09375,5.408251047134399
xgboost,top20,20,cross_station,1,1011,256,80.29609352888656,89.00001964775583,90.84626554340498,1.1313908504244108,12453.905987845468,94,46167.0,2.7189836502075195,2700.0,1338.09375,5.408251047134399
xgboost,top20,20,cross_station,1,1011,1024,21.662304789060727,27.091035167359223,29.423128848975463,1.3582640044762866,46163.139598376954,77,46167.0,2.7189836502075195,2700.0,1338.09375,5.408251047134399
xgboost,top20,20,cross_station,1,1011,4096,6.596118168999965,9.533764654179322,9.98703613959151,1.5140778081460056,151604.31853688418,71,46167.0,2.7189836502075195,2700.0,1338.09375,5.408251047134399
xgboost,top20,20,cross_station,1,123,1,17941.649944987148,21873.949968721718,22963.919977191836,1.2799224178157538,55.73623401784168,100,47433.0,2.746403694152832,2700.0,1382.3671875,5.475350618362427
xgboost,top20,20,cross_station,1,123,16,1139.8624992580153,1242.5187494955023,1327.7187492349183,1.1648060622217036,877.2987975750955,97,47433.0,2.746403694152832,2700.0,1382.3671875,5.475350618362427
xgboost,top20,20,cross_station,1,123,64,307.6937500736676,362.3906246502884,402.77874919411255,1.3090247985137164,3249.984764918304,105,47433.0,2.746403694152832,2700.0,1382.3671875,5.475350618362427
xgboost,top20,20,cross_station,1,123,256,80.12929674805491,87.58804679018793,92.75318709114795,1.1575440051943233,12479.829982087973,97,47433.0,2.746403694152832,2700.0,1382.3671875,5.475350618362427
xgboost,top20,20,cross_station,1,123,1024,20.82138678360934,23.245761713042153,24.65325000230223,1.1840349664754004,48027.54064331599,93,47433.0,2.746403694152832,2700.0,1382.3671875,5.475350618362427
xgboost,top20,20,cross_station,1,123,4096,6.6099975697397895,7.170782475895976,8.001981939571579,1.2105877279296164,151285.98603090958,72,47433.0,2.746403694152832,2700.0,1382.3671875,5.475350618362427
xgboost,top20,20,cross_station,1,42,1,18079.299945384264,20915.950066410005,22052.75000305846,1.2197789775974506,55.311876179990314,91,50148.0,2.805230140686035,2700.0,1373.26953125,5.538315296173096
xgboost,top20,20,cross_station,1,42,16,1177.9312480939552,1297.8187478438485,1390.4006285883954,1.1803750268432416,848.945981879782,111,50148.0,2.805230140686035,2700.0,1373.26953125,5.538315296173096
xgboost,top20,20,cross_station,1,42,64,302.45156267483253,355.5162500560981,378.01612525072414,1.2498402121239212,3306.314542256493,93,50148.0,2.805230140686035,2700.0,1373.26953125,5.538315296173096
xgboost,top20,20,cross_station,1,42,256,81.91992174033658,99.06074217269634,105.81699211797967,1.291712563561647,12207.042911609737,96,50148.0,2.805230140686035,2700.0,1373.26953125,5.538315296173096
xgboost,top20,20,cross_station,1,42,1024,21.257324192447413,24.417333975179645,25.979492204442064,1.2221431055594667,47042.609452947676,91,50148.0,2.805230140686035,2700.0,1373.26953125,5.538315296173096
xgboost,top20,20,cross_station,1,42,4096,6.700463870856765,7.609589849266739,8.275224128055926,1.2350225726980604,149243.39855773796,67,50148.0,2.805230140686035,2700.0,1373.26953125,5.538315296173096
xgboost,top20,20,cross_station,1,456,1,17878.049984574318,19827.670033555478,20381.02090358734,1.1400024567093534,55.93451192176037,110,48759.0,2.7751455307006836,2700.0,1367.6328125,5.433916807174683
xgboost,top20,20,cross_station,1,456,16,1157.946877356153,1317.219373595435,1527.6938743045312,1.3193125731230364,863.5974754586493,94,48759.0,2.7751455307006836,2700.0,1367.6328125,5.433916807174683
xgboost,top20,20,cross_station,1,456,64,302.66953126556473,339.88398399742437,372.55343650031136,1.2308917747436887,3303.9334875190716,86,48759.0,2.7751455307006836,2700.0,1367.6328125,5.433916807174683
xgboost,top20,20,cross_station,1,456,256,79.95781243153033,91.79085936921182,97.06426539196403,1.2139434839476422,12506.59528556165,89,48759.0,2.7751455307006836,2700.0,1367.6328125,5.433916807174683
xgboost,top20,20,cross_station,1,456,1024,21.200585933911498,23.012441442915588,23.408293027387117,1.1041342489475383,47168.50765904754,85,48759.0,2.7751455307006836,2700.0,1367.6328125,5.433916807174683
xgboost,top20,20,cross_station,1,456,4096,6.339904786045736,7.086418462165511,7.642194095183191,1.2054114932457378,157731.07542577313,72,48759.0,2.7751455307006836,2700.0,1367.6328125,5.433916807174683
xgboost,top20,20,cross_station,1,789,1,18030.399980489165,20117.70998360589,21264.78201476857,1.1793849297730143,55.46188665155003,104,48549.0,2.7706422805786133,2700.0,1356.2578125,5.202888488769531
xgboost,top20,20,cross_station,1,789,16,1178.090624307515,1408.8168729358586,1599.0128101839207,1.3572918561539566,848.831133502826,108,48549.0,2.7706422805786133,2700.0,1356.2578125,5.202888488769531
xgboost,top20,20,cross_station,1,789,64,304.1640629817266,349.07703120552463,369.6107182986452,1.21516892783238,3287.699375780884,107,48549.0,2.7706422805786133,2700.0,1356.2578125,5.202888488769531
xgboost,top20,20,cross_station,1,789,256,79.72890625751461,88.88585925888037,94.17282824870196,1.1811629265869428,12542.502424028275,105,48549.0,2.7706422805786133,2700.0,1356.2578125,5.202888488769531
xgboost,top20,20,cross_station,1,789,1024,21.409765622593113,23.53894531097467,24.74412887750077,1.1557402969133395,46707.657506756106,87,48549.0,2.7706422805786133,2700.0,1356.2578125,5.202888488769531
xgboost,top20,20,cross_station,1,789,4096,6.35715332464315,7.3890429518996825,7.634190429826048,1.2008819104979795,157303.11177544764,85,48549.0,2.7706422805786133,2700.0,1356.2578125,5.202888488769531
