features,seed,batch_size,dmatrix_p50_ms,predict_p50_ms,end_to_end_p50_ms,inplace_p50_ms,dmatrix_share
full,1011,1,9.80454997625202,8.370399998966604,18.192400049883872,0.5227499641478062,0.5389365861221046
full,1011,16,17.81255000969395,0.9759499807842076,18.800499965436757,0.9361500269733369,0.9474508679259023
full,1011,256,9.975749999284744,10.605549963656813,20.534500014036894,2.691800007596612,0.4858043776310872
full,123,1,9.643499972298741,8.331449993420392,18.135849968530238,0.507650023791939,0.5317368631209661
full,123,16,17.41460000630468,0.9765499853529036,18.426350026857108,0.929199974052608,0.9450922174452476
full,123,256,9.972349973395467,10.660650033969432,20.619150018319488,2.830950019415468,0.4836450563934661
full,42,1,9.63050004793331,8.172550005838275,17.66584999859333,0.4998999647796154,0.5451478444965939
full,42,16,17.337299999780953,1.000650052446872,18.32579995971173,0.9544000495225191,0.9460596556710245
full,42,256,9.718150016851723,10.60335006332025,20.467900030780584,2.7276999317109585,0.4747995643049417
full,456,1,9.932049957569689,8.42944998294115,18.437050050124526,0.6485000485554338,0.5387006018081839
full,456,16,18.14529998227954,0.9968000231310725,19.12899996386841,0.9358000243082643,0.9485754622067583
full,456,256,10.0370500003919,10.857049957849085,20.987150026485324,2.9667000053450465,0.478247403183632
full,789,1,9.577050048392266,8.273599960375577,17.88170001236722,0.5027499864809215,0.5355782750951337
full,789,16,17.905799963045865,0.9996500448323786,18.914800020866096,1.1281000333838165,0.946655526005713
full,789,256,9.961500007193536,10.923950001597404,20.839050004724413,2.9431000584736466,0.4780208313207736
top20,1011,1,9.544000087771565,8.413749979808927,18.08320003328845,0.5679999594576657,0.5277826972108087
top20,1011,16,16.967050032690167,1.0414999560452998,18.043949967250228,0.9774999925866723,0.94031794942268
top20,1011,256,9.738899942021817,10.916249942965806,20.698700041975826,3.262449987232685,0.470507805913988
top20,123,1,9.902699966914952,8.53689998621121,18.413149984553456,0.5311500281095505,0.5378058602260989
top20,123,16,17.658950004260987,1.0330500081181526,18.676200008485466,0.9261499508284032,0.9455322815260977
top20,123,256,10.35585009958595,11.55509997624904,21.888299961574376,3.1039000023156404,0.4731226325372908
top20,42,1,9.561799990478903,8.242349955253303,17.963899997994304,0.5161499720998108,0.5322786249949338
top20,42,16,17.4527500057593,1.0572999599389732,18.555649963673204,0.9333000052720308,0.940562580126642
top20,42,256,9.82460001250729,10.970949952024966,20.838650001678616,3.1973000150173903,0.47146048384688494
top20,456,1,9.658549970481545,8.35620000725612,18.045949924271554,0.5798999918624759,0.535219814474323
top20,456,16,17.687749990727752,1.0471499408595264,18.757499987259507,0.9659500210545957,0.9429694790212794
top20,456,256,9.79135005036369,11.077100061811507,20.860499993432313,3.0052500660531223,0.469372740511799
top20,789,1,10.09120000526309,8.57400003587827,18.5324500198476,0.5243999767117202,0.5445151609450326
top20,789,16,17.454000073485076,1.0223999852314591,18.488199973944575,0.9693000465631485,0.9440616229856342
top20,789,256,9.739200002513826,10.833850014023483,20.413949969224632,3.122100024484098,0.4770855232425037
