model,features,param_count,size_mb,peak_rss_mb,fit_seconds
lr,top20,229.0,0.0030384063720703125,1384.01171875,3.0514609813690186
lr,full,988.0,0.009347915649414062,1537.84453125,6.634900617599487
mlp,top20,11569.0,0.1424884796142578,1370.77421875,25.646043825149537
mlp,full,20539.0,0.24404335021972656,1476.640625,16.571331644058226
xgboost,full,47400.6,2.7457120895385736,1494.8328125,8.281554889678954
xgboost,top20,48211.19999999999,2.7632810592651373,1363.52421875,5.411744451522826
lightgbm,full,170068.2,6.197196006774902,1486.8140625000003,5.654624795913695
lightgbm,top20,186932.4,6.79704246520996,1370.4937500000003,4.9595232009887695
rf,top20,595987.2,14.16155185699463,1371.8578124999997,1.4474851608276367
rf,full,686823.0,16.30362033843994,1487.23515625,1.6783320903778076
stack[trees_mlp/lr],full,,9.19226131439209,1593.7765625,167.55901255607606
