model,features,batch_size,n_seeds,p50_us_mean,p95_us_mean,p99_us_mean,p99_us_max,tail_ratio_mean,throughput_p50_mean,param_count,size_mb,peak_rss_mb,fit_seconds_mean
lightgbm,full,1,5,170.5699833109975,195.90697949752206,262.10943725891383,313.2150496821842,1.5600282224979325,5982.557688494486,170068.2,6.197196006774902,1486.8140625,5.654624795913696
lightgbm,full,16,5,18.293750326847658,22.28587283752858,46.98677604028487,123.32356265687847,2.407490359002757,55371.99558223897,170068.2,6.197196006774902,1486.8140625,5.654624795913696
lightgbm,full,64,5,6.509999911941122,9.965625085897031,14.798540822084755,39.438656385755166,2.0995311254960236,155888.14920566167,170068.2,6.197196006774902,1486.8140625,5.654624795913696
lightgbm,full,256,5,3.420000030018855,4.262121155989006,5.100115643472227,6.430367147913743,1.506932682441017,298284.5927755674,170068.2,6.197196006774902,1486.8140625,5.654624795913696
lightgbm,full,1024,5,3.018857410097553,3.997911129545173,4.11730273071953,5.215363316892763,1.364658642428933,338041.67428551544,170068.2,6.197196006774902,1486.8140625,5.654624795913696
lightgbm,full,4096,5,2.9551318334597454,3.9264653352688583,4.3128746099796444,5.62062988706202,1.444553630152743,348447.5430746797,170068.2,6.197196006774902,1486.8140625,5.654624795913696
lightgbm,top20,1,5,182.91001906618476,207.51901785843074,252.46976595371947,279.30091600865126,1.410837062343597,5652.557496653644,186932.4,6.797042465209961,1370.49375,4.9595232009887695
lightgbm,top20,16,5,20.436873455764726,22.70981218316592,27.690988761605688,40.729066968196996,1.34956257484148,50978.107594314424,186932.4,6.797042465209961,1370.49375,4.9595232009887695
lightgbm,top20,64,5,7.359062510658987,9.547843637847103,19.29198115249164,43.11804597818991,2.72364649689517,140511.89951541592,186932.4,6.797042465209961,1370.49375,4.9595232009887695
lightgbm,top20,256,5,4.065859320689924,5.293949038787101,8.392033695599816,13.248437721813369,2.1155735202105044,259373.74602390785,186932.4,6.797042465209961,1370.49375,4.9595232009887695
lightgbm,top20,1024,5,3.766611348510196,4.53655078445081,4.928964067403285,6.716786153901921,1.3398100809635478,287072.4975084497,186932.4,6.797042465209961,1370.49375,4.9595232009887695
lightgbm,top20,4096,5,3.617768558683565,4.36394873190693,4.522048731587348,6.5850578596382565,1.2698454501684275,299740.43670828745,186932.4,6.797042465209961,1370.49375,4.9595232009887695
lr,full,1,5,127.60001700371504,148.0700320098549,157.08293928764758,161.10894735902548,1.2310662967240067,7837.240754636351,988.0,0.009347915649414062,1537.84453125,6.634900617599487
lr,full,16,5,8.847498975228518,10.220624317298643,10.8186340512475,11.481680412543938,1.2225756688625065,113031.16107718318,988.0,0.009347915649414062,1537.84453125,6.634900617599487
lr,full,64,5,2.540469358791597,2.9117190570104867,3.1299751608457855,3.2531729993934277,1.2319576439366338,393639.7643469139,988.0,0.009347915649414062,1537.84453125,6.634900617599487
lr,full,256,5,0.970078190221102,1.0746289080998395,1.1864977741424807,1.310566376560018,1.2228679662101585,1030857.263594874,988.0,0.009347915649414062,1537.84453125,6.634900617599487
lr,full,1024,5,0.743896475796646,0.8089316361292729,0.886045305378502,0.9782568940863712,1.1905166215461733,1344515.0621879227,988.0,0.009347915649414062,1537.84453125,6.634900617599487
lr,full,4096,5,1.0062866238058632,1.0581498992223715,1.137736919076815,1.3033229976144867,1.1305193711199235,993791.640577904,988.0,0.009347915649414062,1537.84453125,6.634900617599487
lr,top20,1,5,125.73001440614462,145.5299905501306,152.34277257695788,160.85194307379402,1.2115189641883126,7954.105942101926,229.0,0.0030384063720703125,1384.01171875,3.0514609813690186
lr,top20,16,5,8.373751916224137,9.640750649850816,10.10319018678274,10.350068478146568,1.2065564507997237,119431.32282564847,229.0,0.0030384063720703125,1384.01171875,3.0514609813690186
lr,top20,64,5,2.2923439246369526,2.6304059247195255,2.780943828838644,2.913422231358708,1.2130718751936775,436276.4065762261,229.0,0.0030384063720703125,1384.01171875,3.0514609813690186
lr,top20,256,5,0.7459765583917033,0.8362812468476477,0.9326125073130243,1.1718748328348738,1.249361507432798,1340634.5272553242,229.0,0.0030384063720703125,1384.01171875,3.0514609813690186
lr,top20,1024,5,0.3520507789289695,0.3763202914797148,0.4086941376044706,0.4566776885894796,1.1600869206696278,2841225.211194369,229.0,0.0030384063720703125,1384.01171875,3.0514609813690186
lr,top20,4096,5,0.29745117728907644,0.3131438009518206,0.33247611929709814,0.35136255235101993,1.1176437144565339,3361996.096931178,229.0,0.0030384063720703125,1384.01171875,3.0514609813690186
mlp,full,1,5,185.12000096961856,208.8160056155175,221.27120709046704,232.72002581506965,1.1949275286544068,5403.053379520706,20539.0,0.24404335021972656,1476.640625,16.571331644058226
mlp,full,16,5,13.24499971815385,14.811875662417151,16.835112546687004,18.44500220613554,1.270847835844184,75508.58456245143,20539.0,0.24404335021972656,1476.640625,16.571331644058226
mlp,full,64,5,4.0512501072953455,4.4918593630427495,5.181209169677458,5.475031102832872,1.2791096986941857,246853.88509754022,20539.0,0.24404335021972656,1476.640625,16.571331644058226
mlp,full,256,5,4.175468757239287,4.715832001238595,5.372904066462069,5.727789020966156,1.2863147781008393,239707.2800744716,20539.0,0.24404335021972656,1476.640625,16.571331644058226
mlp,full,1024,5,2.0866113118245266,2.3147295166836557,2.586300954362741,2.7736708727843506,1.2395069452749705,479279.7831462819,20539.0,0.24404335021972656,1476.640625,16.571331644058226
mlp,full,4096,5,2.073312984407494,2.191405276050773,2.2605465816809556,2.3754150362265136,1.0903627882004516,482518.1860789734,20539.0,0.24404335021972656,1476.640625,16.571331644058226
mlp,top20,1,5,190.5800076201558,216.38699574396014,243.71059215627596,272.41209405474365,1.279558787764551,5248.2467542911545,11569.0,0.1424884796142578,1370.77421875,25.646043825149537
mlp,top20,16,5,13.568750000558794,15.168625541264191,16.91418823611457,18.550753011368215,1.2516027246222752,74251.99617256629,11569.0,0.1424884796142578,1370.77421875,25.646043825149537
mlp,top20,64,5,4.547343814920168,4.94442172566778,5.519468937563943,7.421890750265447,1.234534144185918,231699.25009204197,11569.0,0.1424884796142578,1370.77421875,25.646043825149537
mlp,top20,256,5,2.6262500796292443,3.0538359033016595,3.4373890430288156,4.264773619979677,1.3064890849471085,383742.61567012506,11569.0,0.1424884796142578,1370.77421875,25.646043825149537
mlp,top20,1024,5,1.7144824369097478,1.8948095816995192,2.074175574989567,2.4245341114692565,1.2089991564279419,586041.9649602256,11569.0,0.1424884796142578,1370.77421875,25.646043825149537
mlp,top20,4096,5,1.86158690951288,2.018001467547492,2.078651573413026,2.1140527439911243,1.1174583999506418,537488.3444718781,11569.0,0.1424884796142578,1370.77421875,25.646043825149537
rf,full,1,5,82195.08999027312,91866.35801452212,93206.84279431589,97430.66097260453,1.1333180191217516,12.169716417685994,686823.0,16.30362033843994,1487.23515625,1.6783320903778076
rf,full,16,5,6424.740623333491,6871.068060936523,7021.87707509438,7428.053377370817,1.0940729606380608,156.05226049275794,686823.0,16.30362033843994,1487.23515625,1.6783320903778076
rf,full,64,5,2530.0162502389867,2601.1979844588495,2772.172340326506,3221.9356878886183,1.0967041135285116,396.4058250649343,686823.0,16.30362033843994,1487.23515625,1.6783320903778076
rf,full,256,5,649.8119922071055,685.8871992881177,734.245228067266,794.7957693522768,1.1299771305324604,1538.9106241827044,686823.0,16.30362033843994,1487.23515625,1.6783320903778076
rf,full,1024,5,180.64915038848994,189.4969756028786,209.59718730773608,233.6129551190425,1.1616352893019743,5538.123850247206,686823.0,16.30362033843994,1487.23515625,1.6783320903778076
rf,full,4096,5,54.449094236019846,55.90075561656249,56.26224809253699,57.23067552793282,1.0339169434395716,18387.897025377755,686823.0,16.30362033843994,1487.23515625,1.6783320903778076
rf,top20,1,5,96778.40999793261,104397.54299353808,106617.31881299056,167153.7320211064,1.1203536970853059,11.271844728139897,595987.2,14.16155185699463,1371.8578125,1.4474851608276367
rf,top20,16,5,6899.611875996925,7593.401000340236,7988.12545085093,12062.065438949505,1.1607141801163703,153.14179986661853,595987.2,14.16155185699463,1371.8578125,1.4474851608276367
rf,top20,64,5,2497.703750123037,2600.7457969899406,2728.5204159925343,3023.672656800046,1.0979314765377448,402.85709427415253,595987.2,14.16155185699463,1371.8578125,1.4474851608276367
rf,top20,256,5,664.5143359946815,703.3768749579394,758.5231304319678,861.9872306007893,1.1404132130892783,1507.8965833790148,595987.2,14.16155185699463,1371.8578125,1.4474851608276367
rf,top20,1024,5,176.87691405399164,187.44068066212094,197.94014315789354,220.1164208668161,1.1243211266783155,5692.1545451116845,595987.2,14.16155185699463,1371.8578125,1.4474851608276367
rf,top20,4096,5,50.73310303487233,52.649205814248035,53.73883525862766,58.74427003675464,1.0604535601516936,19789.50091229776,595987.2,14.16155185699463,1371.8578125,1.4474851608276367
stack[trees_mlp/lr],full,1,5,19051.209988538176,21833.870981354266,23397.050787694752,24431.387966033068,1.2280235584605441,52.49577902731282,,9.19226131439209,1593.7765625,167.55901255607606
stack[trees_mlp/lr],full,16,5,1270.6949994026218,1420.6281248334562,1507.7379379799822,1605.5375017458573,1.1863152540292048,787.0375987840295,,9.19226131439209,1593.7765625,167.55901255607606
stack[trees_mlp/lr],full,64,5,379.5845314016333,420.6733278260799,438.5488750376679,487.4424377339888,1.155882264972661,2635.170666775054,,9.19226131439209,1593.7765625,167.55901255607606
stack[trees_mlp/lr],full,256,5,110.6742969568586,119.92926956281735,125.82437812034183,128.7501561819226,1.1369048786922415,9036.163600542493,,9.19226131439209,1593.7765625,167.55901255607606
stack[trees_mlp/lr],full,1024,5,33.392812508736824,36.24796191502355,37.890448831149115,41.390318319827216,1.1340564603734238,29962.770680964335,,9.19226131439209,1593.7765625,167.55901255607606
stack[trees_mlp/lr],full,4096,5,14.263144532833394,15.90627539229672,16.324300971064076,17.03691502825677,1.145262031512843,70205.35108375325,,9.19226131439209,1593.7765625,167.55901255607606
xgboost,full,1,5,18465.959979221225,21186.94899487309,22843.93556602299,24326.478940201905,1.2367466783358254,54.169378910367165,47400.6,2.745712089538574,1494.8328125,8.281554889678954
xgboost,full,16,5,1173.3143757737707,1376.1428753787186,1484.5737264986383,1647.0880633278289,1.264390228061735,852.5754997363929,47400.6,2.745712089538574,1494.8328125,8.281554889678954
xgboost,full,64,5,307.27749963261886,348.09678141755285,371.6868595438428,454.21271928717033,1.206550550772036,3257.97732071216,47400.6,2.745712089538574,1494.8328125,8.281554889678954
xgboost,full,256,5,82.33074213421787,92.93361717482185,99.31838908778444,114.19613279031182,1.206395135591458,12148.669541976578,47400.6,2.745712089538574,1494.8328125,8.281554889678954
xgboost,full,1024,5,21.78799805960807,24.658387703766493,26.266279495303024,27.8841797228324,1.2049993202659166,45907.81935690922,47400.6,2.745712089538574,1494.8328125,8.281554889678954
xgboost,full,4096,5,6.990302736653575,7.935087410828599,8.253683446241666,9.108027588808907,1.181715123161063,143239.55269524833,47400.6,2.745712089538574,1494.8328125,8.281554889678954
xgboost,top20,1,5,17938.219965435565,20712.591011542827,22114.96859858744,23912.37009433099,1.2330754302771438,55.74908520053034,48211.2,2.763281059265137,1363.52421875,5.411744451522827
xgboost,top20,16,5,1159.6699994697701,1307.2322485822951,1460.955612463294,1599.0128101839207,1.2594777824918433,862.4806137295473,48211.2,2.763281059265137,1363.52421875,5.411744451522827
xgboost,top20,64,5,302.9817189599271,347.2775465161248,374.39438685396453,402.77874919411255,1.2352772721708454,3300.8857647332566,48211.2,2.763281059265137,1363.52421875,5.411744451522827
xgboost,top20,256,5,80.4064061412646,91.26510544774646,96.13070767863971,105.81699211797967,1.1951507659429932,12437.97531822662,48211.2,2.763281059265137,1363.52421875,5.411744451522827
xgboost,top20,1024,5,21.27027346432442,24.261103521894256,25.64165859212153,29.423128848975463,1.2048633244744065,47021.890972088855,48211.2,2.763281059265137,1363.52421875,5.411744451522827
xgboost,top20,4096,5,6.520727544057081,7.757919678681446,8.308125346445651,9.98703613959151,1.27319630250348,153433.5780653505,48211.2,2.763281059265137,1363.52421875,5.411744451522827
