model,train_bs,test_bs,seed,macro_f1_in_station,macro_f1_cross_station,macro_f1_drop,gini,top1_share,top5_share,effective_features,reliance_weighted_shift,unweighted_mean_shift,reliance_rank_stability
lightgbm,1,2,1011,0.9966202739397529,0.9341154772806972,0.06250479665905573,0.9409442144966655,0.2616865921763382,0.8714608815941345,6.288518056063734,0.9939422981752972,0.469282317822445,0.6981932497213607
xgboost,1,2,1011,0.9924676687570293,0.934601102247442,0.057866566509587325,0.9521783442839407,0.2544986624207715,0.9653953332213142,5.043444057455787,0.6203688258913759,0.469282317822445,0.688759445679053
rf,1,2,1011,0.9955472589250722,0.9265689738695545,0.06897828505551773,0.9721668157677574,0.44345315768079635,0.9952713930653847,2.87765048572235,1.299073556704816,0.469282317822445,0.3346286743241498
lr,1,2,1011,0.9931331787623533,0.9693276737523683,0.023805505009985017,0.859890572626903,0.22243343610222557,0.6048762113820851,16.171782067095734,0.6086972798197314,0.469282317822445,0.9259191745093851
mlp,1,2,1011,0.9956889190713962,0.9726216525976176,0.023067266473778658,0.8647377834889747,0.24803229022731466,0.6514391853332084,15.27475559006059,0.4899759112744444,0.469282317822445,0.8812274727670513
lightgbm,1,2,123,0.9969225828523344,0.9314075554227459,0.06551502742958848,0.9428738973255426,0.27246920582049095,0.8859292183622481,6.196609572992884,0.9550924413979662,0.4744282151904499,0.6499966670912493
xgboost,1,2,123,0.9972216195298886,0.9339156955560092,0.06330592397387946,0.9465846064141314,0.24755960261096763,0.9279009163268152,5.683459259456194,0.5665730329901939,0.4744282151904499,0.7207559445722945
rf,1,2,123,0.9965258541003212,0.8990566355665902,0.09746921853373103,0.9700219043430132,0.6869106274220081,0.9612145514520015,2.9863525285616173,1.506748862613311,0.4744282151904499,0.392408276269543
lr,1,2,123,0.9922215036029258,0.972083105448465,0.020138398154460835,0.875320833462484,0.23093944230597369,0.6190932505448827,14.58528137800666,0.5319993856281099,0.4744282151904499,0.890825024741053
mlp,1,2,123,0.9966154768403691,0.9674824358740184,0.02913304096635072,0.8732591373485321,0.23026649323437012,0.6822124940381133,14.32561788049004,0.42926559406913084,0.4744282151904499,0.8944975990171863
lightgbm,1,2,2026,0.9973741719091357,0.9288557327042892,0.06851843920484646,0.9343362169579312,0.19555645700724514,0.8447719250411436,6.906471355709122,1.0198805569562144,0.46554188196446994,0.7618364464513204
xgboost,1,2,2026,0.999284203066536,0.9359895417621362,0.06329466130439976,0.9496933227671525,0.24800511854981372,0.9580277724979671,5.303400314331252,0.5853633171543631,0.46554188196446994,0.6756046381970142
rf,1,2,2026,0.9986233761503627,0.9032722415874574,0.09535113456290523,0.9693596933480104,0.4719219414078962,0.9895019166222604,3.2498802950590946,1.0960453811124462,0.46554188196446994,0.15841767233762133
lr,1,2,2026,0.9941713682123267,0.9720732641132247,0.022098104099101956,0.8813954987652073,0.25737441499834274,0.6405398469285883,13.604769564806018,0.4889712683033614,0.46554188196446994,0.9205552590308737
mlp,1,2,2026,0.9981634855041536,0.9579211576453539,0.040242327858799665,0.8790017587340944,0.19795963685193427,0.6431471611864328,14.200703444572515,0.5508643693106045,0.46554188196446994,0.910467843202173
lightgbm,1,2,3141,0.9967644277964713,0.9330440271816739,0.06372040061479745,0.9420311430924067,0.26848989560123815,0.8900961353209342,6.328600605483272,0.9898193915176646,0.46948526050185285,0.7161454386672115
xgboost,1,2,3141,0.9965658558722575,0.9335497507606453,0.06301610511161226,0.9569670108673998,0.31935009584841445,0.9594097872392182,4.813337500071033,0.6129906276683988,0.46948526050185285,0.6751089632523695
rf,1,2,3141,0.9962045318972019,0.9217919839955377,0.07441254790166418,0.9735201108268854,0.6231587374924848,0.9731428612038554,3.010546668752977,1.7823021728177784,0.46948526050185285,0.5508381229468258
lr,1,2,3141,0.9941819576377972,0.9731375265365428,0.021044431101254313,0.8648351646467223,0.2229838118010585,0.6263468578323004,15.611903633159447,0.6892188699986406,0.46948526050185285,0.9149632251188922
mlp,1,2,3141,0.9960264099113011,0.9662341763606828,0.02979223355061833,0.8814137177863308,0.22233543057776461,0.660665591505264,13.887613814303936,0.5026203969258012,0.46948526050185285,0.863201145674077
lightgbm,1,2,42,0.9965205451303173,0.9316592407649169,0.06486130436540039,0.9294682007714439,0.23796811367867893,0.7676103566016879,7.704547826976276,0.910211080880855,0.46514949625235097,0.5451105086295716
xgboost,1,2,42,0.9966079684521808,0.9343476275685556,0.0622603408836252,0.9553737862045948,0.3428223275228724,0.9414781338486053,5.166530220955946,0.5295707706264093,0.46514949625235097,0.6750831382602719
rf,1,2,42,0.9960549369814324,0.9264220628074205,0.06963287417401198,0.9774534973582643,0.6060752582035631,0.9967062736410619,2.509144111099326,1.7860626441322873,0.46514949625235097,0.3528992212959054
lr,1,2,42,0.99161646282228,0.9741889069029364,0.01742755591934364,0.8822852246280071,0.24730627031752267,0.6498716354269869,13.603786117028712,0.5218868888060849,0.46514949625235097,0.8753014578904986
mlp,1,2,42,0.9950052348395917,0.9681330520507164,0.026872182788875265,0.850152767110407,0.22546138002206917,0.6240374515306948,16.988640561758025,0.4582082610398926,0.46514949625235097,0.8682870020947954
lightgbm,1,2,4242,0.9935702742859837,0.933230015086036,0.06034025919994768,0.9347899382579763,0.25786106456278096,0.8588793748918322,7.4848045921806365,0.9266401055329256,0.4722385192781018,0.7324017809132164
xgboost,1,2,4242,0.9970539318163831,0.9331342423503437,0.06391968946603943,0.9537419839160894,0.2734139046728664,0.965157110636002,4.938210176620644,0.6129746165800086,0.4722385192781018,0.707622472256966
rf,1,2,4242,0.9962353607673808,0.9285067768380135,0.06772858392936731,0.9776166900452032,0.6810781962150539,0.9867747511991772,2.4675536367705466,1.274117209107301,0.4722385192781018,0.4305658804994029
lr,1,2,4242,0.9943697690606501,0.9735203810878331,0.02084938797281699,0.8814297101160613,0.23153058047890912,0.6379514855705348,13.980482566510268,0.5369638842435328,0.4722385192781018,0.9117561762221654
mlp,1,2,4242,0.995693950909436,0.9739715888159801,0.021722362093455905,0.8652323977282099,0.2606653075144183,0.689109654862779,14.546120223389186,0.6698330420554106,0.4722385192781018,0.7858581698054898
lightgbm,1,2,456,0.9953734093391975,0.919989837658394,0.07538357168080345,0.9277082921102422,0.2606484977621383,0.7981757042508935,8.319346086510624,1.018665753857246,0.46484068926025013,0.7258720708025412
xgboost,1,2,456,0.9989849394157156,0.9325059583626629,0.06647898105305272,0.9520265566736565,0.306660330918924,0.9412732089664972,5.532543805910409,0.5596171680254639,0.46484068926025013,0.7937163013679741
rf,1,2,456,0.9964707570248819,0.925809586067749,0.07066117095713287,0.9582384662385706,0.3955800184685056,0.9544183462711082,4.112676105032434,1.3637568790626493,0.46484068926025013,0.5539538682521583
lr,1,2,456,0.9939103537218565,0.9764942554561505,0.017416098265706004,0.8718023995403945,0.22643874324669608,0.5932887151485968,15.057122352191913,0.45162837379350396,0.46484068926025013,0.916498815364158
mlp,1,2,456,0.9962018527254499,0.9738928499907353,0.02230900273471459,0.8643620380786359,0.2100220471881291,0.6237047562392644,15.856665178911783,0.42870896841140904,0.46484068926025013,0.8733853173135236
lightgbm,1,2,5555,0.9981928922905424,0.9337444083046841,0.06444848398585834,0.9372900351436453,0.21600502058231297,0.8919568466705923,6.644856377603281,1.079054299713373,0.4768573185764435,0.7768478357479379
xgboost,1,2,5555,0.9981190280771968,0.9347491173315533,0.06336991074564347,0.9559852375918254,0.3574490709527558,0.9487480462775618,4.995687704971258,0.5447706748379718,0.4768573185764435,0.7518501608161202
rf,1,2,5555,0.9978016231638512,0.9316696483994521,0.06613197476439914,0.9708673805395258,0.45246002724809375,0.9886608430867498,3.0644297994328564,1.1347108954533796,0.4768573185764435,0.4793021176267875
lr,1,2,5555,0.991421084532626,0.9738787505772106,0.01754233395541538,0.882109666644616,0.24307721970466628,0.6474073626100262,13.741129079680709,0.5520409130610554,0.4768573185764435,0.8964526243308825
mlp,1,2,5555,0.996032778728391,0.9499724736944155,0.04606030503397551,0.880129146971689,0.2580501789172775,0.7214815322250901,12.705171337046187,0.6075280827205115,0.4768573185764435,0.9291120227342935
lightgbm,1,2,6789,0.9979891449704679,0.9359837374872251,0.06200540748324279,0.9373382927691092,0.217459744917548,0.8610714919297012,6.388156716828564,0.45845938201839403,0.46803491256089846,0.740423947573756
xgboost,1,2,6789,0.995748102437078,0.934744734975847,0.06100336746123103,0.9468719910603802,0.2659370135555695,0.9693554618327034,5.61877083923279,0.5258263009318648,0.46803491256089846,0.7957727522154033
rf,1,2,6789,0.995755718669696,0.9056237361978633,0.09013198247183274,0.9680278892048784,0.4211318454272381,0.9793901328820025,3.3855276192822252,1.5933527707940853,0.46803491256089846,0.13014958863835244
lr,1,2,6789,0.9928533274641901,0.9703166729212244,0.022536654542965717,0.880253044592129,0.24753685347567791,0.6458392798108646,13.923437953370206,0.5267623889378613,0.46803491256089846,0.9119033927107844
mlp,1,2,6789,0.9947654693799444,0.9690347483573475,0.02573072102259688,0.8683520578991533,0.23303708617194518,0.6157224980686192,15.21570242992205,0.4347530904387685,0.46803491256089846,0.8411577785079641
lightgbm,1,2,789,0.9953669056300849,0.9287782907852835,0.06658861484480139,0.9305240225055034,0.262229062848749,0.8547408692516023,8.06447259321972,0.9336313276553357,0.4634009979800653,0.772743608832348
xgboost,1,2,789,0.996630189715428,0.9339664614259751,0.06266372828945299,0.9533459447675241,0.27998164148313975,0.9481317464971828,5.107586592274835,0.6022662653630417,0.4634009979800653,0.6439329203470622
rf,1,2,789,0.9958454430892488,0.9212346022149496,0.07461084087429926,0.9765539250683826,0.6301593063153506,0.9919280214301865,2.64062423366207,1.8101048932075936,0.4634009979800653,0.5201651322065914
lr,1,2,789,0.9927369666331539,0.9739227133729672,0.01881425326018671,0.8828266942580374,0.23242796416140615,0.6480106813135673,13.812378570396291,0.5064040988149263,0.4634009979800653,0.9282447233344658
mlp,1,2,789,0.9964252572994131,0.9728577699412528,0.023567487358160277,0.8866715369510161,0.25835741727932154,0.7204530173447592,12.484856765857812,0.43850300623053995,0.4634009979800653,0.8963244719455872
lightgbm,2,1,1011,0.999341845502907,0.8050621386149118,0.19427970688799512,0.9442433711193263,0.2668210686618697,0.8940896864529181,6.199195570177389,0.3878263051887852,0.2756238108207786,0.5196349642786918
xgboost,2,1,1011,0.9988809311008089,0.7978376613030109,0.20104326979779796,0.9643172448690367,0.48674981152389823,0.965942517121214,4.1698868566533855,0.5524582293474303,0.2756238108207786,0.5629133626165269
rf,2,1,1011,0.9966165142842571,0.8908281742998998,0.10578833998435733,0.9826345662766192,0.761105589526315,0.9993106109971437,1.9137364238147314,0.9590372752375969,0.2756238108207786,0.3107560877970636
lr,2,1,1011,0.9958817340382738,0.8826638524335808,0.11321788160469304,0.884313122088142,0.30927932505466754,0.684048535370521,12.737444387376458,0.3944179395192851,0.2756238108207786,0.901370948951789
mlp,2,1,1011,0.9986691695054719,0.8855862219756814,0.11308294752979053,0.8657503914152254,0.26222024002281785,0.6969789934982995,14.123080755884521,0.3447071209581087,0.2756238108207786,0.8481428349520769
lightgbm,2,1,123,1.0,0.7955960116734253,0.2044039883265747,0.9445706931596496,0.3469136342348355,0.8745400942001303,6.199480223380035,0.800433710243214,0.27838612782836797,0.46798864979746074
xgboost,2,1,123,0.9996931663452077,0.8045428755579924,0.19515029078721524,0.9693129813218511,0.5284488263241273,0.9813361517582069,3.6123135563692244,0.7964104391321246,0.27838612782836797,0.5164299143881338
rf,2,1,123,0.9995459233749627,0.8913280595578398,0.10821786381712295,0.9832907200741849,0.8682911455680158,0.9923406669797544,1.733295494108417,1.075686365139422,0.27838612782836797,0.4672444946458466
lr,2,1,123,0.996403977914806,0.8815154599552918,0.11488851795951416,0.8876613278374197,0.27808631061466665,0.6710980008449305,12.839618165463468,0.3916669807156816,0.27838612782836797,0.8614132457915985
mlp,2,1,123,0.999504902430953,0.876055985386991,0.12344891704396199,0.8748039245690353,0.30326320137060897,0.7296547771178458,12.843936960948396,0.38208399489338946,0.27838612782836797,0.7668243110868418
lightgbm,2,1,2026,0.999134884234146,0.7933145057075385,0.2058203785266075,0.9417152974178609,0.24866159927092432,0.8506170276923968,6.397312092064579,0.5606297567258757,0.2763057027994354,0.518860221163094
xgboost,2,1,2026,0.9988919680502879,0.8023762148632397,0.19651575318704817,0.9707482545282893,0.5786228797390841,0.9767303152879033,3.396994213283762,0.7261377067964927,0.2763057027994354,0.5400348026803845
rf,2,1,2026,0.996406557837682,0.8942467641869032,0.10215979365077876,0.977206918287699,0.7614694019772719,0.9784313914887742,2.4402927387588886,1.0352220261842262,0.2763057027994354,0.4234116938851456
lr,2,1,2026,0.9948158856942625,0.8865617977429118,0.10825408795135072,0.8877085887631053,0.2973708120872679,0.6669908445734783,12.716075465038152,0.33875267771719575,0.2763057027994354,0.766202889490772
mlp,2,1,2026,0.9982142190857142,0.88977250721016,0.10844171187555418,0.8840214860062732,0.3060322237273768,0.7635883289542367,11.983363449634725,0.323317127613555,0.2763057027994354,0.8095419738362931
lightgbm,2,1,3141,0.9989519054996987,0.7972151698097796,0.20173673568991912,0.9370350342029896,0.2598335902781199,0.8266140795887841,6.698021626262191,0.6551180091949139,0.2773379243442053,0.6521011315157613
xgboost,2,1,3141,0.999057221537671,0.7969270614048009,0.2021301601328701,0.9669993144530149,0.47589605896128606,0.9688771517142138,3.865952518369647,0.7585931387521607,0.2773379243442053,0.4960298663334428
rf,2,1,3141,0.9989089141206909,0.8921492307649791,0.10675968335571184,0.9796473966847514,0.8118739267935918,0.9838422910033157,2.1051312166439113,1.045760610878172,0.2773379243442053,0.4686052984703113
lr,2,1,3141,0.9955171380107171,0.8824571374444021,0.11306000056631493,0.8861210174942988,0.29218539586118414,0.6990237355113559,12.740811523609088,0.4005615323872743,0.2773379243442053,0.8558445699538757
mlp,2,1,3141,0.9978409121980287,0.8791269009487889,0.11871401124923986,0.8675487140768356,0.25733658294503864,0.6925639122604877,14.438348267272783,0.30720926320490644,0.2773379243442053,0.8352546126982453
lightgbm,2,1,42,0.9948897551574016,0.7953501172759017,0.19953963788149998,0.9349436976339334,0.2368767506881367,0.8104324705592114,6.816496974435288,0.5819007387216955,0.26988038491332556,0.6523190126659255
xgboost,2,1,42,0.9967647407542274,0.801601847415387,0.1951628933388404,0.9606589372632626,0.45911475507280874,0.9489905563059077,4.626356356496159,0.5089798498803276,0.26988038491332556,0.5029980123975816
rf,2,1,42,0.995207968853,0.8916156606464801,0.10359230820651988,0.9549967130092578,0.7307932255236695,0.8906572084884449,3.4804359816851234,0.9486451457019139,0.26988038491332556,0.690921744912796
lr,2,1,42,0.9954780437007693,0.8835891591648815,0.11188888453588786,0.8891539512870954,0.3014204424118687,0.6986517943613186,12.457426887177942,0.35036928083914703,0.26988038491332556,0.834676116637822
mlp,2,1,42,0.9977727633165004,0.8821260476270684,0.11564671568943208,0.8783014519629428,0.3186931554809201,0.7224536676710063,12.331159813521426,0.4320896009978657,0.26988038491332556,0.8537987079202928
lightgbm,2,1,4242,0.9974216159548409,0.794199603260357,0.20322201269448392,0.9349087980634763,0.21927963387994853,0.8184396881117457,6.912624976017328,0.6747692622733109,0.277984490794542,0.6788903406400334
xgboost,2,1,4242,0.9965843221430818,0.7975708996330052,0.1990134225100766,0.9669800488962184,0.5051738789983987,0.9877367875664472,3.8240395369644236,0.7874138987076051,0.277984490794542,0.6026686840615053
rf,2,1,4242,0.9968251784136625,0.8895678084640605,0.107257369949602,0.9469844994961374,0.5344940708959417,0.8825537487313281,4.335591707249407,1.0161054468932857,0.277984490794542,0.5640714988949759
lr,2,1,4242,0.9953389079793157,0.8800147641489492,0.11532414383036649,0.8857690218504128,0.32344857804505783,0.6698376876296339,12.494187558484812,0.3756157763198152,0.277984490794542,0.7498811542712603
mlp,2,1,4242,0.9987619857994302,0.8855799546693691,0.11318203113006109,0.8702968247933707,0.29704438416519846,0.7103661825379599,13.451769864853318,0.37101551973382013,0.277984490794542,0.7140951077659938
lightgbm,2,1,456,0.9993864269618453,0.7980819056172006,0.20130452134464472,0.9355661663872352,0.2625560616499633,0.8122424731163432,7.065277019314502,0.5484577093263662,0.2698534569751932,0.6000760004034302
xgboost,2,1,456,0.9993380566735982,0.7986094461623395,0.20072861051125868,0.9673525971984727,0.5204759206036691,0.9784718247980222,3.8341369377823606,0.5204686341169369,0.2698534569751932,0.6480889367296554
rf,2,1,456,0.9991255957715839,0.8940356282958017,0.10508996747578214,0.9749898431363444,0.6145065047300715,0.9821594201335141,2.7872200296608605,0.8527192047244403,0.2698534569751932,0.42804674937022197
lr,2,1,456,0.9949651555845423,0.8858817556108398,0.10908339997370253,0.8918892051433185,0.29604447603049705,0.7233958521394771,12.122197165179966,0.3206601959543894,0.2698534569751932,0.7280912239555707
mlp,2,1,456,0.9989672361770394,0.8747680101430385,0.12419922603400091,0.8691979787909121,0.21923381561188676,0.6858962023666542,14.694378656708743,0.34902427256381435,0.2698534569751932,0.7484785972150594
lightgbm,2,1,5555,0.9992327877490322,0.7563677383873953,0.2428650493616369,0.9323389948839655,0.23169683440022554,0.7920155873787438,7.266426108152729,0.6372589926690956,0.2715508011014851,0.44985994262160206
xgboost,2,1,5555,0.9987943841964638,0.7966935312950342,0.20210085290142965,0.9661596948024136,0.5077501326674533,0.9820753902966501,3.806398369036524,0.5110371997431348,0.2715508011014851,0.5964463931625006
rf,2,1,5555,0.9953338392422625,0.8914806119107319,0.10385322733153057,0.9763112140265333,0.511186703522496,0.9965191016851929,2.343701306442519,0.7907116756890619,0.2715508011014851,0.31666592134996
lr,2,1,5555,0.9961169028448525,0.8827367025369982,0.11338020030785434,0.8864970431489163,0.2911406167906384,0.666654562165537,12.983496625807684,0.327894364052786,0.2715508011014851,0.8544173642979423
mlp,2,1,5555,0.9985840497484413,0.8887926585206937,0.10979139122774761,0.8716232298429263,0.34387709484515183,0.7402774775274189,12.150486329048976,0.32298319064635267,0.2715508011014851,0.8286769423753969
lightgbm,2,1,6789,0.9964753833345955,0.7911043403552357,0.20537104297935982,0.9363946161927703,0.21445419754355002,0.8641589012414751,6.912688672863148,0.6738327501745789,0.2767491820394801,0.7118326771535566
xgboost,2,1,6789,0.9960037814910514,0.8034893270178202,0.19251445447323123,0.9664041520443194,0.5025038258619792,0.9896601637966362,3.9037837074308874,0.8064122660829367,0.2767491820394801,0.41333844158902766
rf,2,1,6789,0.9942284356338801,0.8929924212051049,0.10123601442877517,0.9635517481212676,0.5897562911231593,0.9234838540415038,3.8529016229462063,0.8686107255547895,0.2767491820394801,0.4406337051228347
lr,2,1,6789,0.9963942586229462,0.8849481116246053,0.11144614699834088,0.8879183740482712,0.3113011723053468,0.6764099623105402,12.491975463921426,0.3504484523299908,0.2767491820394801,0.7994628652130161
mlp,2,1,6789,0.9983545470747495,0.8833966804903958,0.1149578665843537,0.8795391746008854,0.2883457210476486,0.7243416581729161,12.977100033377816,0.3390475110598769,0.2767491820394801,0.7959294872035839
lightgbm,2,1,789,1.0,0.7926989413103065,0.2073010586896935,0.9350986032651705,0.20117807406038404,0.8362497564445646,6.875168379979605,0.6053078633812196,0.2712493121315816,0.5770249617849027
xgboost,2,1,789,0.9996167350632863,0.8043759135227905,0.19524082154049582,0.9612329621989377,0.43852418824729855,0.9632456080206564,4.453912036852665,0.4664309666717029,0.2712493121315816,0.43853235344884806
rf,2,1,789,1.0,0.8923032620403646,0.10769673795963541,0.9793564496883413,0.7501052831015618,0.9836808941624556,2.1159020449742107,0.5556595534307146,0.2712493121315816,0.5670153335872163
lr,2,1,789,0.9969779171059111,0.8843456454692276,0.11263227163668355,0.8918992485316877,0.3183141991126146,0.736831955813992,11.752416444310256,0.3651765689136866,0.2712493121315816,0.8403610174852879
mlp,2,1,789,0.9995347286757253,0.8743833471060172,0.12515138156970818,0.8763264659756118,0.29452709564816515,0.7080015973736382,13.072322232604135,0.35610566880396793,0.2712493121315816,0.8508737266096185
