feature,psi_pooled_mean,ks_pooled_mean,psi_class_matched_mean,ks_class_matched_mean
Rate,0.7081105751315755,0.15342999999999996,2.7714837186971457,0.24746955547655455
Load,0.5646346656283396,0.15259749999999997,2.7628353832509474,0.24907913934364506
SrcLoad,0.5881521782439078,0.15140749999999997,2.759443499755377,0.244901802118115
SrcRate,0.44539854136050644,0.15098749999999997,2.757836686847026,0.24372970177071215
Max,0.427338825200565,0.15156999999999995,2.6664394698950176,0.23140311728702181
Mean,0.427338825200565,0.15120249999999996,2.6664394698950176,0.23103953983888736
Dur,0.427338825200565,0.15306499999999995,2.6664394698950176,0.23134522368813987
Min,0.427338825200565,0.1520075,2.6664394698950176,0.23102539394651914
Sum,0.427338825200565,0.1524025,2.6664394698950176,0.23142618321005753
RunTime,0.427338825200565,0.15295499999999995,2.6664394698950176,0.23124804377955907
Seq,0.7079665605340063,0.12974249999999996,1.6353108603787256,0.2381332271992774
Offset,0.14334312388049175,0.08529499999999994,1.5864669634114645,0.3095784094803952
sTtl,0.05890020847595138,0.11340749999999995,0.4963772569639673,0.12867908082763777
TotBytes,0.2444409320565247,0.06039249999999996,0.4484210652623159,0.15270334918243322
sHops,0.048479388473965254,0.09711999999999996,0.40445967579975317,0.10589359030027727
sMeanPktSz,0.08226297497085729,0.13338999999999995,0.39503646124235287,0.1349317183595032
SrcBytes,0.09567194014991906,0.06327499999999994,0.3142428210616115,0.15319829301302165
SrcTCPBase,0.000880977949871595,0.02026249999999995,0.2526034746969796,0.02691198844966111
TotPkts,0.04996520189091893,0.06873999999999994,0.06669977379599347,0.12191258858874388
DstPkts,0.0075903831939603955,0.03615749999999996,0.047411434334703934,0.043034128318680684
SrcPkts,0.07392568437233538,0.07337249999999997,0.04715409128699061,0.11963802245940842
TcpRtt,0.00075029236383258,0.01792999999999997,0.0447519887872672,0.029513079233639265
DstBytes,0.00826926818628393,0.03705499999999995,0.044046235201679704,0.04298973454735015
AckDat,0.0009165581854466349,0.01872249999999997,0.04364622363644711,0.026251929786646356
dHops,0.018812490080663647,0.018662499999999946,0.03357494223723835,0.01817233230011294
dTtl,0.011486386967099145,0.02715499999999995,0.031305715359101274,0.027398783822686974
DstRate,0.009250605694287345,0.03174749999999997,0.025693094683691547,0.03952218001351424
DstLoad,0.008962758560148675,0.034202499999999955,0.024913951021173907,0.04034009519763104
SrcWin,0.00146340824974211,0.012784999999999954,0.022920265599933903,0.022055480547974217
SynAck,0.00536720092741872,0.020624999999999966,0.021592987764852918,0.028459452564939026
dMeanPktSz,0.008917035238106486,0.03698999999999999,0.020273741206419477,0.04281657538969627
DstTCPBase,0.000677385071344325,0.009182499999999944,0.01296136238554799,0.00930265699468031
DstWin,0.001780693415571585,0.01215249999999997,0.012004079915152245,0.011927172741380535
DstGap,0.0,9.999999999996505e-05,0.0,5.918547233279622e-05
ACC,0.0,0.00190749999999997,0.0,0.001912833543497595
CON,0.0,0.036437499999999956,0.0,0.03674474622697997
DstLoss,0.0,0.0018424999999999449,0.0,0.0016719719514914349
 e &      ,0.0,8.249999999997086e-05,0.0,7.568898817627796e-05
 e *      ,0.0,0.0001699999999999417,0.0,0.000191366617962185
 e d      ,0.0,0.0016674999999999648,0.0,0.001542951688616085
 e        ,0.0,0.09288749999999998,0.0,0.0929234294410221
 *    f   ,0.0,0.07318249999999996,0.0,0.0735562783181222
 *    V   ,0.0,1.2499999999998623e-05,0.0,5.8637334891227725e-06
 *        ,0.0,0.004769999999999955,0.0,0.00474961692901164
 eU       ,0.0,0.00035499999999998944,0.0,0.000338991055440885
39,0.0,0.0,0.0,0.0
4,0.0,8.749999999997395e-05,0.0,4.265490299065065e-05
52,0.0,9.249999999996587e-05,0.0,8.796299134361613e-05
 e s      ,0.0,0.004332499999999946,0.0,0.006121326066418035
 e r      ,0.0,0.001219999999999965,0.0,0.001239559034687575
 e i      ,0.0,0.00063749999999999,0.0,0.00066427016897581
 e g      ,0.0,9.249999999997005e-05,0.0,8.424697943433551e-05
 e    f   ,0.0,0.00593249999999998,0.0,0.00572896785999113
ECO,0.0,0.00500249999999995,0.0,0.00517228488166223
FIN,0.0,0.00378499999999996,0.0,0.00737599885608443
NRS,0.0,2.4999999999997245e-06,0.0,1.065968567238278e-06
Status,0.0,0.0037474999999999445,0.0,0.13144695608214305
Start,0.0,0.00460499999999996,0.0,0.1316842333078624
SrcLoss,0.0,0.004784999999999955,0.0,0.00630148561979027
SrcGap,0.0,3.999999999999142e-05,0.0,3.9460215053574454e-05
Shutdown,0.0,0.00014499999999995197,0.0,8.42072758341536e-05
RST,0.0,0.009174999999999956,0.0,0.00871538029595092
REQ,0.0,0.03326499999999996,0.0,0.16303626199363402
RSP,0.0,8.999999999996532e-05,0.0,9.597607548179252e-05
Loss,0.0,0.005869999999999955,0.0,0.007027465646966815
INT,0.0,0.015629999999999956,0.0,0.11403890216347752
af41,0.0,0.00044999999999995,0.0,0.000506444639387845
arp,0.0,4.749999999999477e-05,0.0,3.359144926670771e-05
af12,0.0,0.00034499999999991,0.0,0.000276110958095605
af11,0.0,0.0001374999999999475,0.0,5.650845669692838e-05
TST,0.0,4.249999999999532e-05,0.0,3.359361221802234e-05
URP,0.0,0.0003224999999999692,0.0,0.00030818626406707355
cs6,0.0,0.0002599999999999444,0.0,0.0002180890689469226
cs7,0.0,0.00049749999999997,0.0,0.000510732502609265
cs0,0.0,0.00555999999999999,0.0,0.00581637513144391
cs4,0.0,4.499999999998697e-05,0.0,4.2640578946837626e-05
icmp,0.0,0.005414999999999945,0.0,0.005490607368078776
dTos,0.0,0.004917499999999965,0.0,0.0050902371857564
e        ,0.0,2.4999999999997245e-06,0.0,2.13266332799313e-06
ef,0.0,0.00423999999999995,0.0,0.004267709138696535
lldp,0.0,4.74999999999906e-05,0.0,5.332381548350615e-05
llc,0.0,3.249999999999642e-05,0.0,2.6651672516723774e-05
ipv6-icmp,0.0,4.999999999999449e-06,0.0,1.065968567238278e-06
pLoss,0.0,0.00626499999999994,0.0,0.0065849602920761
sTos,0.0,0.005869999999999955,0.0,0.00587715768504574
sctp,0.0,0.00419249999999997,0.0,0.00426447088649849
tcp,0.0,0.013499999999999956,0.0,0.013201837449608445
udp,0.0,0.022747499999999955,0.0,0.022851850559655055
