base_set,meta,split,train_bs,features,n_seeds,macro_f1_mean,macro_f1_std,best_base_macro_f1_mean,stack_minus_best_mean,spearman_oof_vs_test_mean,train_time_sec_mean,wilcoxon_p_stack_vs_best_base,cohens_d_stack_vs_best_base,best_base_mode,coef_mass__lightgbm_mean,coef_mass__xgboost_mean,coef_mass__rf_mean,coef_mass__lr_mean,coef_mass__mlp_mean,weight__lightgbm_mean,weight__xgboost_mean,weight__rf_mean,weight__lr_mean,weight__mlp_mean
diverse,calibrated,cross_station,1,full,10,0.9482330065356658,0.002372987469335784,0.9730432728250602,-0.024810266289394332,-0.6599999999999999,320.49358735084536,0.001953125,-7.592933153305781,lr,0.21372735916038493,0.20639146226146607,0.19577333426914628,0.1947643378037711,0.18934350650523163,,,,,
diverse,confidence,cross_station,1,full,10,0.9480079725364465,0.004595134728978119,0.9730432728250602,-0.02503530028861366,-0.6599999999999999,318.8268103122711,0.001953125,-4.864497112662804,lr,0.2109406212316327,0.20523972491045842,0.2006224902899755,0.193762822836884,0.18943434073104934,,,,,
diverse,lr,cross_station,1,full,10,0.9476121567748086,0.003960914374867643,0.9730432728250602,-0.025431116050251622,-0.6599999999999999,318.74324362277986,0.001953125,-5.995235342117313,lr,0.21297877270425705,0.20625201382194908,0.19800292555029803,0.19345395357634382,0.18931233434715206,,,,,
diverse,best_single,cross_station,1,full,10,0.9335910319240341,0.0009976692517256471,0.9730432728250602,-0.039452240901026045,-0.6599999999999999,318.45845053195956,0.001953125,-12.5370252165627,lr,,,,,,,,,,
diverse,weighted,cross_station,1,full,10,0.9306631919485284,0.006926191484539711,0.9730432728250602,-0.042380080876531764,-0.6599999999999999,320.83997266292573,0.001953125,-6.792983849216626,lr,,,,,,0.6477738419402231,0.34601188995343674,6.758516265794081e-17,5.193584689577974e-17,0.006214268106340003
trees_mlp,calibrated,cross_station,1,full,10,0.9349961605378191,0.0011796721200802833,0.9656517780971621,-0.030655617559342964,-0.6,249.47862768173218,0.001953125,-8.062443062126874,mlp,0.34047094678480094,0.33367580276399994,,,0.3258532504511992,,,,,
trees_mlp,lr,cross_station,1,full,10,0.9349385088559788,0.0011814698463765902,0.9656517780971621,-0.03071326924118325,-0.6,248.292582321167,0.001953125,-8.054238396818246,mlp,0.3395749783231522,0.33505738754846925,,,0.32536763412837855,,,,,
trees_mlp,confidence,cross_station,1,full,10,0.9349094090562906,0.001224027603780478,0.9656517780971621,-0.030742369040871565,-0.6,248.3762478351593,0.001953125,-8.27097009586567,mlp,0.3394010484352249,0.3358823036238789,,,0.3247166479408962,,,,,
trees_mlp,best_single,cross_station,1,full,10,0.9335875700265156,0.0010056530526098943,0.9656517780971621,-0.03206420807064632,-0.6,247.989102268219,0.001953125,-7.44373659885901,mlp,,,,,,,,,,
trees_mlp,weighted,cross_station,1,full,10,0.932907707633343,0.0016729091433593383,0.9656517780971621,-0.03274407046381918,-0.6,249.14139850139617,0.001953125,-9.865638538224749,mlp,,,,,,0.6478239049374876,0.34595272660220167,,,0.006223368460310702
diverse,calibrated,cross_station,2,full,10,0.8638063293522855,0.02293346969266284,0.8910037219601842,-0.027197392607898718,-0.2899999999999999,314.5236891031265,0.001953125,-1.2266407153041046,rf,0.20612176570535784,0.20230188884846734,0.20036092327492067,0.1946715167762288,0.19654390539502536,,,,,
diverse,confidence,cross_station,2,full,10,0.8453094414184218,0.026006282999367546,0.8910037219601842,-0.04569428054176226,-0.2899999999999999,312.7829781293869,0.001953125,-1.8194591297500669,rf,0.20323315693968286,0.20161143254021746,0.20259138146463443,0.1957913279653926,0.19677270109007258,,,,,
diverse,lr,cross_station,2,full,10,0.8452164461863705,0.02707236552346099,0.8910037219601842,-0.04578727577381379,-0.2899999999999999,312.68903856277467,0.001953125,-1.7592032834917728,rf,0.20633347007022335,0.2028832934865359,0.20118238580019976,0.1937771700130561,0.19582368062998493,,,,,
diverse,best_single,cross_station,2,full,10,0.8247366176481927,0.04808244165567874,0.8910037219601842,-0.06626710431199154,-0.2899999999999999,312.36509296894076,0.001953125,-1.4126374128031687,rf,,,,,,,,,,
diverse,weighted,cross_station,2,full,10,0.7895076721185217,0.017266239663197146,0.8910037219601842,-0.10149604984166247,-0.2899999999999999,315.24221005439756,0.001953125,-6.2113532034436565,rf,,,,,,0.6296660694204539,0.34729485071501076,0.0002886042639564924,1.0841812083966356e-16,0.022750475600578756
trees_mlp,best_single,cross_station,2,full,10,0.8247366176481927,0.04808244165567874,0.8778661919894086,-0.0531295743412159,0.3,186.14825916290283,0.03125,-1.0708988939345077,mlp,,,,,,,,,,
trees_mlp,confidence,cross_station,2,full,10,0.8041903260648844,0.0058388072287305515,0.8778661919894086,-0.07367586592452406,0.3,186.4284427165985,0.001953125,-7.442310428154491,mlp,0.33442743553531273,0.33440280565949165,,,0.3311697588051956,,,,,
trees_mlp,lr,cross_station,2,full,10,0.803943718244246,0.005857798933793117,0.8778661919894086,-0.07392247374516242,0.3,186.40313930511473,0.001953125,-7.421970544575218,mlp,0.33716151239348086,0.33474696318879077,,,0.3280915244177284,,,,,
trees_mlp,calibrated,cross_station,2,full,10,0.8037747768049783,0.005747642105869237,0.8778661919894086,-0.07409141518443017,0.3,187.43779954910278,0.001953125,-7.222213270254666,mlp,0.3372392042573512,0.3342611943751629,,,0.3284996013674859,,,,,
trees_mlp,weighted,cross_station,2,full,10,0.7895603485667546,0.017210176279765458,0.8778661919894086,-0.08830584342265382,0.3,187.04582445621492,0.001953125,-4.047785284472194,mlp,,,,,,0.6290460615091771,0.3472322381897249,,,0.023721700301098003
trees_mlp,best_single,random,0,full,10,0.9985050400367763,0.0004693723504697656,0.998644874685344,-0.0001398346485678381,0.6,434.8642619371414,0.25,-0.4974901516660464,xgboost,,,,,,,,,,
trees_mlp,confidence,random,0,full,10,0.9984296044283134,0.00046563237196420174,0.998644874685344,-0.00021527025703067527,0.6,435.68641674518585,0.02734375,-0.7682739651080428,xgboost,0.3345181368809498,0.3356230923244051,,,0.3298587707946451,,,,,
trees_mlp,calibrated,random,0,full,10,0.9983453704185369,0.0008756203989794192,0.998644874685344,-0.00029950426680719344,0.6,438.1993761062622,0.083984375,-0.6525963769001598,xgboost,0.3336511870079629,0.33539086458028694,,,0.33095794841175014,,,,,
trees_mlp,lr,random,0,full,10,0.9983450364064334,0.0008761400611295355,0.998644874685344,-0.00029983827891068017,0.6,435.4948230981827,0.083984375,-0.6526915122357314,xgboost,0.3342353107051668,0.3357652122127653,,,0.3299994770820679,,,,,
trees_mlp,weighted,random,0,full,10,0.9982588696816919,0.0007421373601528764,0.998644874685344,-0.0003860050036523344,0.6,437.27156336307524,0.03125,-0.7488125779917614,xgboost,,,,,,0.16567727572465984,0.8306933339934203,,,0.00362939028192
trees_mlp,confidence,temporal,0,full,10,0.9874049886634143,0.007404448750461583,0.9867501232641986,0.0006548653992156205,0.25,298.712535905838,0.556640625,0.2290148152227471,xgboost,0.3358970062120104,0.334376133360704,,,0.3297268604272855,,,,,
trees_mlp,calibrated,temporal,0,full,10,0.9873323336929815,0.007760303012221872,0.9867501232641986,0.0005822104287828145,0.25,301.1087217569351,0.556640625,0.1893755148013248,xgboost,0.33689820296731265,0.33440983309194816,,,0.32869196394073913,,,,,
trees_mlp,lr,temporal,0,full,10,0.9871587936907542,0.00792851479943443,0.9867501232641986,0.0004086704265553576,0.25,298.5969434261322,0.921875,0.130958776404114,xgboost,0.33685270349511404,0.33473111664924915,,,0.3284161798556368,,,,,
trees_mlp,best_single,temporal,0,full,10,0.979011867197951,0.01844809219578509,0.9867501232641986,-0.00773825606624774,0.25,298.12820115089414,0.0625,-0.6298798969577998,xgboost,,,,,,,,,,
trees_mlp,weighted,temporal,0,full,10,0.9718786875335773,0.013219971366662453,0.9867501232641986,-0.014871435730621274,0.25,299.8923679351807,0.00390625,-1.5243151417738594,xgboost,,,,,,0.45434661130347714,0.5388019681957814,,,0.006851420500741301
