feature,psi_pooled,ks_pooled,mean_ref,mean_cmp,std_ref,std_cmp,psi_class_matched,ks_class_matched
Rate,1.1933036906868963,0.16044999999999998,1463.5465087890625,1242.842041015625,108729.640625,96908.0703125,3.630403266479049,0.2443516675540411
SrcRate,0.7037317467379093,0.14470000000000005,384.9520263671875,325.75390625,27838.400390625,26325.94921875,3.6187061541608423,0.2447379054413801
Load,0.8696923765076284,0.16035,8735384.0,6303731.5,753664064.0,640473472.0,3.5845191581879665,0.2475857278245128
SrcLoad,0.8811708273177544,0.15395000000000003,205742.9375,181701.46875,14689594.0,13749723.0,3.5794519814662307,0.243262837823448
RunTime,0.5519740310600963,0.15115,1.734929084777832,1.2664637565612793,1.9397695064544678,1.6642593145370483,3.4175574804217086,0.22951629325950376
Max,0.5519740310600963,0.14850000000000008,1.734929084777832,1.2664637565612793,1.9397695064544678,1.6642593145370483,3.4175574804217086,0.23027985092109468
Dur,0.5519740310600963,0.15125,1.734929084777832,1.2664637565612793,1.9397695064544678,1.6642593145370483,3.4175574804217086,0.23023357469918007
Min,0.5519740310600963,0.14855000000000007,1.734929084777832,1.2664637565612793,1.9397695064544678,1.6642593145370483,3.4175574804217086,0.22782721115962093
Sum,0.5519740310600963,0.1503,1.734929084777832,1.2664637565612793,1.9397695064544678,1.6642593145370483,3.4175574804217086,0.23002533170056436
Mean,0.5519740310600963,0.15390000000000004,1.734929084777832,1.2664637565612793,1.9397695064544678,1.6642593145370483,3.4175574804217086,0.23083516558406988
Seq,1.2293865287882133,0.12905,32047.595703125,21782.97265625,32029.087890625,18713.130859375,2.129183666281347,0.23763039079970183
Offset,0.13234196402489953,0.08355000000000001,9245856.0,8292290.0,8763599.0,7100275.0,1.5344790735092448,0.3071258481524864
TotBytes,0.40292454615220963,0.053749999999999964,1741.299560546875,4638.05712890625,20034.353515625,32480.275390625,0.7209295921300206,0.15338388457033328
SrcBytes,0.0847861395020153,0.05974999999999997,914.1787109375,3330.1640625,13756.984375,28038.53515625,0.4830658680873169,0.15226828026834202
sHops,0.009319713096866555,0.09199999999999997,2.02182936668396,2.6476094722747803,3.860236883163452,4.22528600692749,0.4048005124690035,0.10548397401767648
sMeanPktSz,0.07345669248671266,0.12964999999999993,60.72173309326172,84.78303527832031,86.7874755859375,167.1172332763672,0.3935330625164829,0.13443722713236075
sTtl,0.0010807945621826688,0.11255000000000004,68.74958801269531,85.20433044433594,34.24461364746094,60.79072952270508,0.3833874554628456,0.12874028324992012
SrcTCPBase,0.0008086843811404954,0.0190499999999999,1998429440.0,2014776576.0,714279936.0,723332864.0,0.24694358250887724,0.026812905973804705
TotPkts,0.05217129922918697,0.05930000000000002,3.9459269046783447,6.286891937255859,17.231210708618164,26.35706901550293,0.08098360389698663,0.1207041550420616
TcpRtt,0.001013729816634256,0.017850000000000033,0.006589378695935011,0.007180345710366964,0.014896919019520283,0.025669138878583908,0.047144511341691384,0.03000745394526675
DstPkts,0.007461654005667524,0.029749999999999943,1.2814077138900757,1.8728889226913452,10.064045906066895,11.636171340942383,0.046786205177404054,0.04261526993930359
DstBytes,0.006676891585073876,0.04190000000000005,827.1209716796875,1307.8935546875,13973.1591796875,15366.40625,0.04675827169288613,0.04176339048024705
AckDat,0.000948806388377631,0.016449999999999965,0.006002454552799463,0.0061050234362483025,0.012155309319496155,0.01251878123730421,0.04265497334348795,0.02669577254818443
SrcPkts,0.10293363674935725,0.07200000000000001,2.6645193099975586,4.414002895355225,10.717284202575684,20.933727264404297,0.04041901245164281,0.11916500053242465
SrcWin,0.00171396013405713,0.014600000000000057,126064.0625,260843.953125,1337311.5,2333070.75,0.037850831584823795,0.0220636779895645
SynAck,0.00579028291165396,0.02090000000000003,0.000586923910304904,0.0010753226233646274,0.0075193410739302635,0.021619513630867004,0.0264388935220299,0.029847726546693633
dHops,0.0193710629020334,0.018450000000000077,4.9979023933410645,5.023916721343994,0.6325446963310242,1.1830012798309326,0.020773445616438905,0.018006602065807686
DstTCPBase,0.0005873351419428656,0.007749999999999979,2149621760.0,2152357120.0,654280064.0,666757888.0,0.015024600401034946,0.009274837610478115
DstWin,0.0017395423343857096,0.013700000000000004,65541.265625,65694.4921875,71612.1328125,89894.4140625,0.013893278000671652,0.011287402832499203
dTtl,0.01207442241791309,0.02795000000000003,59.443031311035156,60.86589431762695,7.382544040679932,16.13652229309082,0.01234623574513352,0.027185603237141934
DstRate,0.008314774090530157,0.031399999999999983,861.5624389648438,653.2233276367188,70884.546875,60632.07421875,0.005254012202321219,0.039548503886700025
DstLoad,0.008898141938753228,0.03244999999999998,8529642.0,6122030.5,739930304.0,627587904.0,0.0025986995875517944,0.03986795868384623
dMeanPktSz,0.007513166466845269,0.037450000000000094,76.9328384399414,89.35768127441406,240.3667449951172,251.81248474121094,0.0014323875663773448,0.042082845277393255
sTos,0.0,0.005600000000000049,0.23156213760375977,1.3095730543136597,6.393527030944824,15.496798515319824,0.0,0.005973804706634025
dTos,0.0,0.0047000000000000375,0.18117345869541168,0.7803854942321777,5.6215667724609375,11.278779983520508,0.0,0.005217761686721328
SrcGap,0.0,4.999999999999449e-05,1.0648493116605096e-05,0.04255137965083122,0.0032631854992359877,10.340746879577637,0.0,5.324246619102599e-05
DstGap,0.0,4.999999999999449e-05,0.29134276509284973,0.3787456154823303,34.577247619628906,35.710479736328125,0.0,4.259397295283633e-05
SrcLoss,0.0,0.0046000000000000485,0.008667873218655586,0.019050154834985733,0.14084582030773163,0.22225548326969147,0.0,0.006495580875306142
Loss,0.0,0.007600000000000051,0.021009476855397224,0.034000638872385025,0.22058740258216858,0.29676201939582825,0.0,0.007198381429027785
DstLoss,0.0,0.0018000000000000238,0.012352252379059792,0.014950484968721867,0.17030265927314758,0.18554428219795227,0.0,0.0014588435736343464
pLoss,0.0,0.0049000000000000155,0.22146762907505035,0.461243599653244,2.5012259483337402,4.157077789306641,0.0,0.006623362794164627
 *        ,0.0,0.0047000000000000375,0.001118091749958694,0.005973804742097855,0.033419180661439896,0.07705918699502945,0.0,0.004855712916622294
 *    V   ,0.0,0.0,0.0,1.0648493116605096e-05,0.0,0.0032631854992359877,0.0,1.064849323820931e-05
 *    f   ,0.0,0.07164999999999999,0.03250984847545624,0.1057288870215416,0.17734982073307037,0.3074902892112732,0.0,0.07321903950590992
 e        ,0.0,0.09625,0.9520711302757263,0.8600042462348938,0.21361574530601501,0.3469826281070709,0.0,0.09272707911830476
 e    f   ,0.0,0.006000000000000005,0.00027686081011779606,0.0060589928179979324,0.016636831685900688,0.07760336250066757,0.0,0.005782131828346278
 e &      ,0.0,4.999999999999449e-05,2.129698623321019e-05,7.453944999724627e-05,0.004614816512912512,0.008633301593363285,0.0,5.324246619102599e-05
 e *      ,0.0,0.00019999999999997797,1.0648493116605096e-05,0.0002875093196053058,0.0032631854992359877,0.016953660175204277,0.0,0.0002768608241933685
 e d      ,0.0,0.0026999999999999247,0.007805345579981804,0.008902139961719513,0.08800239861011505,0.09393025934696198,0.0,0.0013097646682994387
 e g      ,0.0,4.999999999999449e-05,0.00010648493480402976,0.00018102438480127603,0.010318603366613388,0.013453313149511814,0.0,7.453945266744415e-05
 e i      ,0.0,0.00045000000000006146,0.00014907889999449253,0.0009370673797093332,0.012208876200020313,0.03059721365571022,0.0,0.0007879884996273039
 e r      ,0.0,0.0015000000000000568,0.0004578852094709873,0.0016824619378894567,0.02139335498213768,0.040983300656080246,0.0,0.0012245767223937828
 e s      ,0.0,0.004450000000000065,0.005143222399055958,0.009594292379915714,0.07153160125017166,0.0974794328212738,0.0,0.006346501969971224
 eU       ,0.0,0.0001500000000000945,0.0003301032993476838,0.0005643701297231019,0.018165746703743935,0.02374976873397827,0.0,0.0002342668512405637
e        ,0.0,0.0,0.0,0.0,0.0,0.0,0.0,0.0
arp,0.0,4.999999999999449e-05,0.0,3.194548116880469e-05,0.0,0.005651942919939756,0.0,3.194547971462793e-05
icmp,0.0,0.0030000000000000027,0.012096688151359558,0.017261207103729248,0.10931769758462906,0.13024307787418365,0.0,0.005185816207006716
ipv6-icmp,0.0,4.999999999999449e-05,1.0648493116605096e-05,0.0,0.0032631854992359877,0.0,0.0,1.064849323820931e-05
llc,0.0,4.999999999999449e-05,2.129698623321019e-05,0.0,0.004614816512912512,0.0,0.0,2.129698647641862e-05
lldp,0.0,0.0,3.194548116880469e-05,0.0,0.005651942919939756,0.0,0.0,3.194547971462793e-05
sctp,0.0,0.0036000000000000476,0.0010116068879142404,0.005366840399801731,0.03178967535495758,0.07306187599897385,0.0,0.0043552337344265795
tcp,0.0,0.013950000000000018,0.33360663056373596,0.347268670797348,0.47150111198425293,0.4761020243167877,0.0,0.013683313811095728
udp,0.0,0.02799999999999997,0.6532211899757385,0.6300713419914246,0.4759446084499359,0.48278510570526123,0.0,0.02314982429986157
ACC,0.0,0.0015500000000000513,0.00017037588986568153,0.0022148864809423685,0.013051698915660381,0.047010429203510284,0.0,0.0020445107017357145
CON,0.0,0.03359999999999996,0.12390586733818054,0.15974868834018707,0.3294741213321686,0.36637282371520996,0.0,0.03650303482057292
ECO,0.0,0.005250000000000088,0.011830476112663746,0.01660100184381008,0.10812269151210785,0.12777091562747955,0.0,0.004791821957193053
FIN,0.0,0.0043999999999999595,0.07311255484819412,0.06950271874666214,0.26032117009162903,0.2543070614337921,0.0,0.00735810882760089
INT,0.0,0.016900000000000026,0.25684165954589844,0.24307315051555634,0.4368912875652313,0.42893892526626587,0.0,0.1117211361942285
NRS,0.0,0.0,1.0648493116605096e-05,0.0,0.0032631854992359877,0.0,0.0,1.064849323820931e-05
REQ,0.0,0.03160000000000007,0.4447769224643707,0.4102225601673126,0.49694105982780457,0.49187397956848145,0.0,0.15824106697902246
RSP,0.0,9.999999999998899e-05,2.129698623321019e-05,0.00010648493480402976,0.004614816512912512,0.010318603366613388,0.0,8.518794590565392e-05
RST,0.0,0.010399999999999965,0.08906399458646774,0.09787029772996902,0.284836083650589,0.2971392273902893,0.0,0.008806303907997014
TST,0.0,9.999999999998899e-05,5.324246740201488e-05,5.324246740201488e-05,0.0072965496219694614,0.0072965496219694614,0.0,4.2593972952827175e-05
URP,0.0,0.0006500000000000394,0.00021296986960805953,0.0006069641094654799,0.014591934159398079,0.02462916076183319,0.0,0.00039399424981364167
Shutdown,0.0,9.999999999998899e-05,0.0002555638493504375,0.00034075177973136306,0.015984321013092995,0.018456317484378815,0.0,8.518794590565392e-05
Start,0.0,0.005299999999999971,0.4183899462223053,0.4211585521697998,0.4932948648929596,0.4937449097633362,0.0,0.12860715898200403
Status,0.0,0.00045000000000000595,0.5813544988632202,0.5785006880760193,0.49333709478378296,0.4937991797924042,0.0,0.12584635928016186
39,0.0,0.0,0.0,0.0,0.0,0.0,0.0,0.0
4,0.0,9.999999999998899e-05,1.0648493116605096e-05,3.194548116880469e-05,0.0032631854992359877,0.005651942919939756,0.0,2.129698647641862e-05
52,0.0,0.0,3.194548116880469e-05,0.00012778192467521876,0.005651942454278469,0.011303342878818512,0.0,9.583643914386322e-05
af11,0.0,0.00014999999999998348,0.00031945478986017406,0.0003088063094764948,0.01787044294178486,0.017570173367857933,0.0,1.064849323820931e-05
af12,0.0,0.0006000000000000449,0.0,0.00022361836454365402,0.0,0.014952202327549458,0.0,0.00022361835800233383
af41,0.0,0.00045000000000006146,0.00013843040505889803,0.0006815035594627261,0.011764829978346825,0.026096727699041367,0.0,0.0005430731551485515
cs0,0.0,0.0059499999999999996,0.9984133839607239,0.9924608469009399,0.03980085253715515,0.08650026470422745,0.0,0.005952507720157599
cs4,0.0,4.999999999999449e-05,6.389096233760938e-05,0.0,0.007992926985025406,0.0,0.0,6.38909594292353e-05
cs6,0.0,0.000500000000000056,0.00018102438480127603,0.0004685336898546666,0.013453313149511814,0.02164056897163391,0.0,0.00028750931743158967
cs7,0.0,0.0005500000000000504,9.583643986843526e-05,0.0006069641094654799,0.009789139032363892,0.02462916448712349,0.0,0.0005111276754339235
ef,0.0,0.0044999999999999485,0.0006921520689502358,0.00505803432315588,0.026299674063920975,0.07093976438045502,0.0,0.004365882227664789
nan,0.0,0.0,5.324246740201488e-05,3.194548116880469e-05,0.0072965496219694614,0.005651942919939756,0.0,2.129698647639806e-05
